file	line	bytes	tag	action	reason
scripts/check-policy.mjs	1	983	CONTRACT	rewrite	the boundary and the paired-negative rule kept; the restatement of both, cut
scripts/check-policy.mjs	39	65	CONTRACT	keep	one line already; kept
scripts/check-policy.mjs	43	23	CONTRACT	keep	type annotation only; kept
scripts/check-policy.mjs	46	88	CONTRACT	keep	type annotation only; kept
scripts/check-policy.mjs	58	74	CONTRACT	keep	type annotation only; kept
scripts/check-policy.mjs	75	51	CONTRACT	keep	type annotation only; kept
scripts/check-policy.mjs	85	66	CONTRACT	keep	type annotation only; kept
scripts/check-policy.mjs	101	20	CONTRACT	keep	type annotation only; kept
scripts/check-policy.mjs	102	20	CONTRACT	keep	type annotation only; kept
scripts/check-policy.mjs	103	20	CONTRACT	keep	type annotation only; kept
scripts/check-policy.mjs	105	77	CONTRACT	rewrite	section marker, rule padding cut
scripts/check-policy.mjs	116	164	WHY	rewrite	the state the policy exists to tell apart, in one line
scripts/check-policy.mjs	124	77	CONTRACT	rewrite	section marker, rule padding cut
scripts/check-policy.mjs	144	78	WHY	keep	one line already; kept
scripts/check-policy.mjs	152	76	CONTRACT	rewrite	section marker, rule padding cut
scripts/check-policy.mjs	166	201	WHY	rewrite	the forgery case in one line: the prior file is the only thing consulted
scripts/check-policy.mjs	191	65	WHY	keep	one line already; kept
scripts/check-policy.mjs	220	77	CONTRACT	rewrite	section marker, rule padding cut
scripts/check-policy.mjs	229	77	CONTRACT	rewrite	section marker, rule padding cut
scripts/check-policy.mjs	231	873	CONTRACT	rewrite	the claim, its two instruments and the N-1-of-N reason; the tabulated restatement cut
scripts/check-policy.mjs	249	396	WHY	rewrite	the drift prohibition alone
scripts/check-policy.mjs	271	144	WHY	keep	zero-scope class, cites hard rule 10; two lines already
scripts/check-policy.mjs	278	28	CONTRACT	keep	type annotation only; kept
scripts/check-policy.mjs	285	284	WHY	rewrite	the refusal must be the one that is true of the actor
scripts/check-policy.mjs	302	381	WHY	rewrite	iterate rather than name, so a fourth capability cannot pass unexamined
scripts/check-policy.mjs	317	242	WHY	rewrite	the unfailable-condition trap in one line
scripts/check-policy.mjs	327	62	WHY	keep	one line already; kept
scripts/check-policy.mjs	335	559	WHY	rewrite	the proximity-needle prohibition; the date it was recorded goes to Capsid
scripts/check-policy.mjs	350	818	WHY	rewrite	an import is a mention not a use; the story of catching it, cut
scripts/check-policy.mjs	372	76	WHY	keep	one line already; kept
scripts/check-policy.mjs	389	224	WHY	rewrite	both zero-scope arms in two lines
scripts/check-policy.mjs	405	286	WHY	rewrite	what a denylist lets through
scripts/check-policy.mjs	417	229	WHY	rewrite	a 403 that lies
scripts/check-policy.mjs	426	1152	WHY	rewrite	why both files are named rather than one excluded
scripts/check-policy.mjs	446	23	CONTRACT	keep	type annotation only; kept
scripts/check-policy.mjs	448	21	CONTRACT	keep	type annotation only; kept
scripts/check-policy.mjs	462	136	WHY	keep	zero-scope arm; two lines already
scripts/check-policy.mjs	476	1874	WHY	rewrite	the unbounded-window trap and fail-closed; the plant and its date to Capsid
scripts/check-policy.mjs	508	23	CONTRACT	keep	type annotation only; kept
scripts/check-policy.mjs	518	143	CONTRACT	keep	how a body's end is found here; two lines already
scripts/check-policy.mjs	540	129	WHY	keep	zero-scope arm; two lines already
scripts/check-policy.mjs	550	77	CONTRACT	rewrite	section marker, rule padding cut
scripts/check-policy.mjs	561	73	WHY	keep	one line already; kept
scripts/check-policy.mjs	572	78	WHY	keep	one line already; kept
scripts/check-policy.mjs	579	157	WHY	keep	the lockout this prevents; two lines already
scripts/check-policy.mjs	590	669	CONTRACT	rewrite	the two cases state cannot tell apart, in two lines
scripts/check-policy.mjs	603	46	CONTRACT	keep	type annotation only; kept
scripts/check-policy.mjs	630	226	WHY	rewrite	the ceremony performed twice, in two lines
scripts/check-policy.mjs	642	76	WHY	keep	one line already; kept
scripts/check-policy.mjs	661	65	WHY	keep	one line already; kept
scripts/check-policy.mjs	673	190	CONTRACT	rewrite	boxed heading, rule padding cut
scripts/check-policy.mjs	677	644	WHY	rewrite	least privilege and the real-module rule; the date and the narrative cut
scripts/check-policy.mjs	699	315	WHY	rewrite	the property is the pair
scripts/check-policy.mjs	705	20	CONTRACT	keep	type annotation only; kept
scripts/check-policy.mjs	721	273	WHY	rewrite	the predicate passing is not the call site asking
scripts/check-policy.mjs	741	220	WHY	rewrite	the slug-probing leak a late guard leaves open
scripts/check-policy.mjs	750	750	WHY	rewrite	why the method is the only defensible line
scripts/check-policy.mjs	772	283	WHY	rewrite	why absence and a file-wide mention both pass on a defect
scripts/check-policy.mjs	784	201	WHY	rewrite	what a restored loader would bill on
scripts/check-policy.mjs	801	950	WHY	rewrite	the attack and why order is the assertion
scripts/check-policy.mjs	837	1663	WHY	rewrite	hard rule 19's chain, why position beats presence, and the stated exclusion
scripts/check-policy.mjs	904	981	WHY	rewrite	the measured framework boundary and the four routes it leaves; the rename story cut
scripts/check-policy.mjs	941	307	WHY	rewrite	the exemption hard rule 9 requires, and that it is the easiest thing to tighten by accident
scripts/check-policy.mjs	958	1044	WHY	rewrite	the work an unauthenticated caller can ask for, and the boundary
scripts/check-policy.mjs	992	374	WHY	rewrite	either half alone passes on metering both or neither
scripts/check-policy.mjs	1010	1040	WHY	rewrite	the raw-text escape, the no-hand-list rule and the stated exclusion
scripts/check-policy.mjs	1031	23	CONTRACT	keep	type annotation only; kept
scripts/check-policy.mjs	1038	71	CONTRACT	keep	one line already; kept
scripts/check-policy.mjs	1056	981	WHY	rewrite	why an offline half exists beside a stronger wire case that skips
scripts/check-policy.mjs	1096	1030	WHY	rewrite	the same offline-half argument, and each property asserted by its mechanism
scripts/check-policy.mjs	1141	243	WHY	rewrite	why the two rejected spellings are rejected
scripts/check-policy.mjs	1157	248	WHY	rewrite	assert the behaviour, not the comment claiming it
scripts/check-policy.mjs	1178	80	CONTRACT	rewrite	section marker, rule padding cut
scripts/check-policy.mjs	1180	907	WHY	rewrite	why the index fell behind, and what position plus failure-path buys; the measurement to Capsid
scripts/check-policy.mjs	1219	211	WHY	rewrite	why the upload runs last
scripts/check-policy.mjs	1235	239	WHY	rewrite	a discarded result cannot fail
scripts/check-policy.mjs	1245	794	WHY	rewrite	the window-around-an-anchor class; the plant and its date cut
scripts/check-policy.mjs	1271	205	WHY	rewrite	why the version has to print first
scripts/check-policy.mjs	1284	955	WHY	rewrite	what five 200s are blind to, and why position is the assertion
scripts/check-policy.mjs	1321	601	WHY	rewrite	read the verdict from the body and act on it; why the decision is its own module
scripts/check-policy.mjs	1341	206	WHY	rewrite	what stops the step passing against the wrong URL
scripts/check-policy.mjs	1357	389	WHY	rewrite	both halves and what each alone costs; the dated deadlock to Capsid
scripts/check-policy.mjs	1364	534	HISTORY	delete	which ruling pinned which shape and that the meaning is unchanged; the code below states the shape
scripts/check-policy.mjs	1375	207	WHY	rewrite	enumerate, because one name passes on a table that lost the others
scripts/check-policy.mjs	1383	291	WHY	rewrite	the needle's correctness, not the code's
scripts/check-policy.mjs	1391	220	WHY	rewrite	the value is the test for whether a fourth check belongs
scripts/check-policy.mjs	1411	228	WHY	rewrite	existence would sit before the sync and be the deadlock again
scripts/check-policy.mjs	1429	466	WHY	rewrite	the N-1-of-N prohibition; the date it was added goes to Capsid
scripts/check-policy.mjs	1448	255	WHY	rewrite	rule 18's repair path, and what a hand-written row makes the index
scripts/check-policy.mjs	1459	232	WHY	rewrite	a rebuild's own counters are not a verdict
scripts/check-policy.mjs	1490	81	CONTRACT	rewrite	section marker, rule padding cut
scripts/check-policy.mjs	1492	1765	WHY	rewrite	the failure mode on each side, and why the value is a policy question check:config cannot answer
scripts/check-policy.mjs	1527	78	CONTRACT	keep	one line already; kept
scripts/check-policy.mjs	1535	185	WHY	rewrite	absent rather than false, and why writing it would be a second owner
scripts/check-policy.mjs	1547	723	CONTRACT	rewrite	why Ask cannot filter at query time; the dated leak goes to Capsid
scripts/check-policy.mjs	1564	60	CONTRACT	keep	type annotation only; kept
scripts/check-policy.mjs	1583	194	WHY	rewrite	the silent-leak case in two lines
scripts/check-policy.mjs	1592	149	WHY	keep	read the shipped module rather than restating; two lines already
scripts/check-policy.mjs	1603	756	WHY	rewrite	the comment-satisfied anchor; the stale limit corrected to the shared tokenizer
scripts/check-policy.mjs	1617	1029	HISTORY	delete	the plant proving trailing comments were unstripped, and a stripper inventory the shared tokenizer ended
scripts/check-policy.mjs	1639	499	WHY	rewrite	the guard's job; the dated ratio measurement goes to Capsid
scripts/check-policy.mjs	1652	584	WHY	rewrite	the binding this gate owns, and the shape that leaks if either half goes
scripts/check-policy.mjs	1685	798	WHY	rewrite	compose rather than restate, and why the scope is the function body
scripts/check-policy.mjs	1736	593	WHY	rewrite	the property that moved with the mechanism; the round-trip measurement to Capsid
scripts/check-policy.mjs	1747	21	CONTRACT	keep	type annotation only; kept
scripts/check-policy.mjs	1747	21	CONTRACT	keep	type annotation only; kept
scripts/check-policy.mjs	1750	132	CONTRACT	keep	where a top-level function ends here; two lines already
scripts/check-policy.mjs	1756	1084	WHY	rewrite	assert the binding, never one spelling of one line; the re-scoping story to Capsid
scripts/check-policy.mjs	1778	152	WHY	keep	both zero-scope arms; two lines already
scripts/check-policy.mjs	1788	896	WHY	rewrite	the half that keeps a widening honest; the dated widening to Capsid
scripts/check-policy.mjs	1818	345	WHY	rewrite	the half a whole-line needle got for free
scripts/check-policy.mjs	1835	562	WHY	rewrite	a neighbour composing the same predicate satisfies a character window; the plant story cut
scripts/check-policy.mjs	1847	330	WHY	rewrite	both zero-scope arms in two lines
scripts/check-policy.mjs	1877	77	CONTRACT	rewrite	section marker, rule padding cut
scripts/check-policy.mjs	1879	3316	NUMBER	rewrite	the floor is asserted on the line below; the seven dated re-measurements go to Capsid
scripts/check-headers.mjs	1	2256	CONTRACT	rewrite	the boundary, the two-sources design and the fail-closed rule; the CI aside and the restatement cut
scripts/check-headers.mjs	59	120	CONTRACT	keep	type annotation plus the not-read-from-source rule; two lines already
scripts/check-headers.mjs	78	80	CONTRACT	keep	type annotation only; kept
scripts/check-headers.mjs	94	390	WHY	rewrite	the prose trap in one line
scripts/check-headers.mjs	101	93	CONTRACT	keep	one line already; kept
scripts/check-headers.mjs	106	79	CONTRACT	rewrite	section marker, rule padding cut
scripts/check-headers.mjs	115	37	CONTRACT	keep	type annotation only; kept
scripts/check-headers.mjs	134	79	CONTRACT	rewrite	section marker, rule padding cut
scripts/check-headers.mjs	156	68	WHY	keep	one line already; kept
scripts/check-headers.mjs	165	80	CONTRACT	rewrite	section marker, rule padding cut
scripts/check-headers.mjs	167	239	WHY	rewrite	why these two get named assertions
scripts/check-headers.mjs	185	79	CONTRACT	rewrite	section marker, rule padding cut
scripts/check-headers.mjs	187	353	WHY	rewrite	declaring and applying are different; the live example kept
scripts/check-headers.mjs	213	80	CONTRACT	rewrite	section marker, rule padding cut
scripts/check-headers.mjs	215	1271	WHY	rewrite	the auth bypass and hard rule 8's cached silence; the dated audit goes to Capsid
scripts/check-headers.mjs	256	112	CONTRACT	keep	what the needle matches; two lines already
scripts/check-headers.mjs	266	138	WHY	keep	a guard that reads as protection; two lines already
scripts/check-headers.mjs	279	80	CONTRACT	rewrite	section marker, rule padding cut
scripts/check-headers.mjs	281	1268	WHY	rewrite	the cheapest wrong fix and the strict-dynamic trap; the phase story cut
scripts/check-headers.mjs	308	887	WHY	rewrite	call the builder rather than regex it, and the fixture-independence rule
scripts/check-headers.mjs	328	26	CONTRACT	keep	type annotation only; kept
scripts/check-headers.mjs	330	54	CONTRACT	keep	type annotation only; kept
scripts/check-headers.mjs	351	787	WHY	rewrite	why names and not values, and why both branches; the expired Report-Only argument cut
scripts/check-headers.mjs	392	80	CONTRACT	rewrite	section marker, rule padding cut
scripts/check-headers.mjs	394	1048	WHY	rewrite	the two-owners drift and why the types are read from the routes; the dated measurement to Capsid
scripts/check-headers.mjs	414	208	WHY	rewrite	why named and not globbed
scripts/check-headers.mjs	431	131	WHY	keep	the needle trap; two lines already
scripts/check-headers.mjs	451	254	WHY	rewrite	the unfailable-condition negative
scripts/check-headers.mjs	467	80	CONTRACT	rewrite	section marker, rule padding cut
scripts/check-headers.mjs	469	1033	WHY	rewrite	the silent widening and why both directions are asserted
scripts/check-headers.mjs	540	351	WHY	rewrite	assert on real paths, not on the caller's if
scripts/check-headers.mjs	576	148	CONTRACT	keep	which arm the path matches; two lines already
scripts/check-headers.mjs	620	646	WHY	rewrite	the guard survives the ruling flipping; the date and the eleven days cut
scripts/check-headers.mjs	644	220	WHY	rewrite	reporting and enforcing are independent
scripts/check-headers.mjs	671	80	CONTRACT	rewrite	section marker, rule padding cut
scripts/check-headers.mjs	673	480	WHY	rewrite	what a source-level check here is for
scripts/check-headers.mjs	690	377	WHY	rewrite	which scripts ship bare without the prop; the dated report count to Capsid
scripts/check-headers.mjs	714	1289	WHY	rewrite	the counter-intuitive gating, the silent failure, and the stated exclusion; the deleted sibling cut
scripts/check-headers.mjs	753	456	HISTORY	delete	which build renamed the component and that the gate followed; what is asserted never moved
scripts/check-headers.mjs	770	80	CONTRACT	rewrite	section marker, rule padding cut
scripts/check-headers.mjs	772	1438	WHY	rewrite	the copy-paste this is written for, and why an identifier is accepted as a value
scripts/check-headers.mjs	802	76	CONTRACT	keep	one line already; kept
scripts/check-headers.mjs	826	254	CONTRACT	keep	why both value shapes are captured; already short
scripts/check-headers.mjs	868	68	WHY	keep	one line already; kept
scripts/check-headers.mjs	877	394	WHY	rewrite	the subtler shape the value check misses
scripts/check-headers.mjs	908	81	CONTRACT	rewrite	section marker, rule padding cut
scripts/check-headers.mjs	910	1186	WHY	rewrite	a one-off live measurement is not a gate, and why the section lives in this file
scripts/check-headers.mjs	949	227	WHY	rewrite	why each exclusion is named separately
scripts/check-headers.mjs	978	911	WHY	rewrite	the capability in the path, both slots, and why absence is asserted too
scripts/check-headers.mjs	1043	1035	NUMBER	rewrite	the floor is asserted below; the dated step-by-step re-measurements go to Capsid
scripts/check-headers.mjs	1063	917	WHY	rewrite	an SVG is a document, why the assertion outlives the CSP, and the boundary
scripts/check-headers.mjs	1087	151	WHY	keep	scoped to the helper body; two lines already
scripts/check-headers.mjs	1090	475	WHY	rewrite	the pairing is the invariant, and what restating the type would allow
scripts/check-headers.mjs	1119	245	WHY	rewrite	the half that rots
scripts/check-headers.mjs	1134	2570	WHY	rewrite	the glob-widening hazard, why it is per block, and the stated exclusion; the dated measurements to Capsid
scripts/check-headers.mjs	1185	589	CONTRACT	rewrite	the constant's meaning and the no-purge-door reason, cites hard rule 20; trimmed
scripts/check-headers.mjs	1201	77	CONTRACT	keep	the file's shape; one line already
scripts/check-headers.mjs	1206	288	WHY	rewrite	what the flat split could not answer
scripts/check-headers.mjs	1212	60	CONTRACT	keep	type annotation only; kept
scripts/check-headers.mjs	1217	113	WHY	keep	malformed input is counted, not dropped; two lines already
scripts/check-headers.mjs	1246	233	WHY	rewrite	why both directives are read
scripts/check-headers.mjs	1273	80	CONTRACT	rewrite	section marker, rule padding cut
scripts/check-headers.mjs	1275	1332	WHY	rewrite	hard rule 8's cached silence and why the scope is structural; the commit reference cut
scripts/check-headers.mjs	1305	60	CONTRACT	keep	one line already; kept
scripts/check-headers.mjs	1324	37	CONTRACT	keep	type annotation only; kept
scripts/check-headers.mjs	1327	186	WHY	keep	why identifiers are captured as values; three lines already
scripts/check-headers.mjs	1357	208	WHY	rewrite	why one construction site is the invariant
scripts/check-headers.mjs	1381	154	WHY	keep	bounded to the body, not a window; two lines already
scripts/check-headers.mjs	1386	836	WHY	rewrite	why seeding is asserted rather than a bare mention; the date and the needle story cut
scripts/check-headers.mjs	1421	592	WHY	rewrite	the shared cache entry across schemes, and why position; the dated measurement to Capsid
scripts/check-headers.mjs	1432	927	WHY	rewrite	an assertion about position must know which body it reads; the re-scoping story to Capsid
scripts/check-headers.mjs	1467	269	WHY	rewrite	the other direction and what it stops
scripts/check-headers.mjs	1487	324	WHY	rewrite	why this one is a safety property
scripts/check-headers.mjs	1511	80	CONTRACT	rewrite	section marker, rule padding cut
scripts/check-headers.mjs	1513	975	WHY	rewrite	the symptomless gap, why the routes are asserted and not the helper, and the stated exclusions
scripts/check-headers.mjs	1539	226	WHY	keep	why the About page belongs in this list; three lines already
scripts/check-headers.mjs	1547	557	WHY	rewrite	why a query string is a cache key rather than a refusal
scripts/check-headers.mjs	1558	273	WHY	rewrite	one reader's copy is every reader's copy
scripts/check-headers.mjs	1566	226	WHY	keep	why the tag archive is not Accept-negotiating; three lines already
scripts/check-headers.mjs	1570	153	WHY	keep	the series archive on the same terms; two lines already
scripts/check-headers.mjs	1573	371	WHY	rewrite	why /blog is in this list rather than the negotiating one; the dated move cut
scripts/check-headers.mjs	1587	563	WHY	rewrite	why these two cannot call the helper; the dated shrink from three cut
scripts/check-headers.mjs	1610	1266	WHY	rewrite	the silent-both-ends failure, why the pairing, and why the needle is not the value
scripts/check-headers.mjs	1648	450	WHY	rewrite	the zero-scope arm kept; the dated off-by-one measurement goes to Capsid
scripts/check-headers.mjs	1672	1091	WHY	rewrite	closure is what makes the lists an owner, and the no-count-in-prose rule
scripts/check-headers.mjs	1743	3311	NUMBER	rewrite	the floor is asserted below; five dated re-measurements and the CI story go to Capsid
scripts/check-page-payload.mjs	1	3012	CONTRACT	rewrite	the boundary, the byte-equality rule and the syntax pass; both rename narratives, the dated plant and the whole-page navigation go to the history document
scripts/check-page-payload.mjs	70	143	WHY	keep	the comment-satisfies-a-gate trap; two lines already
scripts/check-page-payload.mjs	73	142	WHY	rewrite	why the resolution is a pure module, in one line
scripts/check-page-payload.mjs	85	1058	NUMBER	rewrite	the margin discipline and the missing-module rule; the four dated bundle measurements go to the history document
scripts/check-page-payload.mjs	112	235	NUMBER	rewrite	what a low count means; the dated re-measurement goes to the history document
scripts/check-page-payload.mjs	119	77	WHY	keep	one line already; kept
scripts/check-page-payload.mjs	125	80	CONTRACT	keep	type annotation only; kept
scripts/check-page-payload.mjs	136	615	CONTRACT	rewrite	why stems and why the pattern anchors on the extension; the example spelling and the verify-live rationale go out
scripts/check-page-payload.mjs	154	28	CONTRACT	keep	type annotation only; kept
scripts/check-page-payload.mjs	161	227	CONTRACT	rewrite	the fail-closed enumeration, in one line
scripts/check-page-payload.mjs	168	23	CONTRACT	keep	type annotation only; kept
scripts/check-page-payload.mjs	193	297	CONTRACT	rewrite	the three minified spellings, which is why the regexes look as they do
scripts/check-page-payload.mjs	203	23	CONTRACT	keep	type annotation only; kept
scripts/check-page-payload.mjs	205	23	CONTRACT	keep	type annotation only; kept
scripts/check-page-payload.mjs	210	143	WHY	keep	what the lookbehind refuses; two lines already
scripts/check-page-payload.mjs	221	438	CONTRACT	rewrite	what the set is and why it survives; the tense-bound 'no public page references it any more' made plain
scripts/check-page-payload.mjs	234	26	CONTRACT	keep	type annotation only; kept
scripts/check-page-payload.mjs	236	26	CONTRACT	keep	type annotation only; kept
scripts/check-page-payload.mjs	256	139	WHY	keep	why the walk re-closes transitively; two lines already
scripts/check-page-payload.mjs	258	26	CONTRACT	keep	type annotation only; kept
scripts/check-page-payload.mjs	262	21	CONTRACT	keep	type annotation only; kept
scripts/check-page-payload.mjs	277	357	CONTRACT	keep	the byte-equality rule and what verify-live reads; already short
scripts/check-page-payload.mjs	287	23	CONTRACT	keep	type annotation only; kept
scripts/check-page-payload.mjs	317	409	WHY	rewrite	the one-walker discipline in one line; the hoist date goes to the history document
scripts/check-page-payload.mjs	329	23	CONTRACT	keep	type annotation only; kept
scripts/check-page-payload.mjs	360	78	CONTRACT	rewrite	section marker, rule padding cut
scripts/check-page-payload.mjs	398	78	CONTRACT	rewrite	section marker, rule padding cut
scripts/check-page-payload.mjs	403	436	WHY	rewrite	why the sweep is not .js-only, in one line; the measurement date goes to the history document
scripts/check-page-payload.mjs	420	23	CONTRACT	keep	type annotation only; kept
scripts/check-page-payload.mjs	423	104	WHY	keep	why the copy is .mjs; two lines already
scripts/check-page-payload.mjs	429	144	WHY	keep	why the Error line and not a tail slice; two lines already
scripts/check-page-payload.mjs	439	819	WHY	rewrite	why this floor is outside the floors mechanism; the dated 78-against-15 reading goes to the history document
scripts/check-page-payload.mjs	467	78	CONTRACT	rewrite	section marker, rule padding cut
scripts/check-page-payload.mjs	469	380	CONTRACT	rewrite	what the set is pinned to and where a public route fails first, in one line
scripts/check-page-payload.mjs	489	238	CONTRACT	rewrite	the window and the strip rule, in one line
scripts/check-page-payload.mjs	507	67	CONTRACT	rewrite	section marker, rule padding cut
scripts/check-page-payload.mjs	509	1633	WHY	rewrite	the boundary and the enumerated blind spot; the revisions-route account and the scenery argument go to the history document
scripts/check-page-payload.mjs	546	467	CONTRACT	rewrite	why the finder is pure, in one line
scripts/check-page-payload.mjs	555	52	CONTRACT	keep	type annotation only; kept
scripts/check-page-payload.mjs	556	457	WHY	rewrite	what the normalisation does not match, in one line; the alias-table argument goes out
scripts/check-page-payload.mjs	562	21	CONTRACT	keep	type annotation only; kept
scripts/check-page-payload.mjs	562	21	CONTRACT	keep	type annotation only; kept
scripts/check-page-payload.mjs	564	33	CONTRACT	keep	trailing tag on the branch it labels; one line already
scripts/check-page-payload.mjs	576	76	CONTRACT	keep	type annotation plus what the map is keyed by; one line already
scripts/check-page-payload.mjs	578	52	CONTRACT	keep	type annotation only; kept
scripts/check-page-payload.mjs	587	23	CONTRACT	keep	type annotation only; kept
scripts/check-page-payload.mjs	589	148	WHY	keep	why a type position is not a dynamic import; two lines already
scripts/check-page-payload.mjs	601	23	CONTRACT	keep	type annotation only; kept
scripts/check-page-payload.mjs	605	223	WHY	rewrite	why the self-test runs every time, in one line
scripts/check-page-payload.mjs	622	219	WHY	rewrite	why the path is repo-relative; the fixed-depth attempt and its plant go to the history document
scripts/check-page-payload.mjs	653	1462	WHY	rewrite	why workerd refuses it and why the weak two stay; the arrival date and the ownership argument go to the history document
scripts/check-page-payload.mjs	698	229	WHY	rewrite	the comment-satisfied-anchor trap, in one line
scripts/check-page-payload.mjs	718	133	WHY	keep	the zero-scope class with its citation; three lines already
scripts/check-page-payload.mjs	730	364	CONTRACT	rewrite	what the artifact is and why a bare substring, in one line
scripts/check-page-payload.mjs	743	66	CONTRACT	keep	one line already; kept
scripts/check-page-payload.mjs	759	1733	CONTRACT	rewrite	the subject, where the sets come from and the one thing it does not own; the resolve and refuse tables restate the code below
scripts/check-page-payload.mjs	797	2910	NUMBER	rewrite	why both palettes ship, how a ceiling was set and the expiry contract; the uplift bytes, the six token counts, ruling 103's account and the three self-policing rules the code asserts go to the history document
scripts/check-page-payload.mjs	850	945	NUMBER	rewrite	what the two figures mean, why fonts are separate and the both-directions rule; the dated measurement and the margin discipline go out
scripts/check-page-payload.mjs	869	92	CONTRACT	keep	type annotation only; kept
scripts/check-page-payload.mjs	885	72	CONTRACT	keep	what the extra key is; one line already
scripts/check-page-payload.mjs	893	470	NUMBER	rewrite	the one-bar argument, stated here because the entries below point at it; the measurement goes out
scripts/check-page-payload.mjs	902	395	NUMBER	rewrite	one line pointing at the argument above
scripts/check-page-payload.mjs	916	577	NUMBER	rewrite	which pages share this bar, in one line
scripts/check-page-payload.mjs	927	1195	WHY	rewrite	why the largest corpus is the leanest page; the shared-bar restatement and the record counts go out
scripts/check-page-payload.mjs	948	1327	WHY	rewrite	why one sheet serves both pages and what the ceiling does not measure; the measurement and the 144-author figure go out
scripts/check-page-payload.mjs	975	688	NUMBER	rewrite	why the margin is the base route's; the dated measurement goes out
scripts/check-page-payload.mjs	990	320	NUMBER	rewrite	why a floor and not an equality, in one line
scripts/check-page-payload.mjs	1000	566	WHY	rewrite	why an unused preload is worse than none; the face's byte size and the ownership pointer go out
scripts/check-page-payload.mjs	1014	613	WHY	rewrite	why the one preload goes to Inter; the step citation and the CLS figure go to the history document
scripts/check-page-payload.mjs	1025	351	WHY	rewrite	why the palette is false everywhere, in one line
scripts/check-page-payload.mjs	1035	21	CONTRACT	keep	type annotation only; kept
scripts/check-page-payload.mjs	1036	21	CONTRACT	keep	type annotation only; kept
scripts/check-page-payload.mjs	1048	70	CONTRACT	keep	one line already; kept
scripts/check-page-payload.mjs	1049	21	CONTRACT	keep	type annotation only; kept
scripts/check-page-payload.mjs	1057	59	CONTRACT	keep	one line already; kept
scripts/check-page-payload.mjs	1058	21	CONTRACT	keep	type annotation only; kept
scripts/check-page-payload.mjs	1061	451	CONTRACT	rewrite	the derived rule and why it matches check:browser's, in one line
scripts/check-page-payload.mjs	1092	176	WHY	keep	why a widening must expire; three lines already
scripts/check-page-payload.mjs	1098	279	WHY	rewrite	why the math key is not a route; the account of the gate catching its own author goes to the history document
scripts/check-page-payload.mjs	1105	59	CONTRACT	keep	type annotation only; kept
scripts/check-page-payload.mjs	1129	78	CONTRACT	keep	why root's assets are found once; one line already
scripts/check-page-payload.mjs	1178	38	CONTRACT	keep	type annotation only; kept
scripts/check-page-payload.mjs	1188	76	CONTRACT	rewrite	section marker, rule padding cut
scripts/check-page-payload.mjs	1193	607	WHY	rewrite	the prohibition and how the name is read; the two spellings of the failed guess go to the history document
scripts/check-page-payload.mjs	1222	435	WHY	rewrite	the intended arrangement, in one line
scripts/check-page-payload.mjs	1240	1577	CONTRACT	rewrite	why the route model cannot see this page and which two assertions are a pair; the other two restate the code below
scripts/check-page-payload.mjs	1270	78	CONTRACT	rewrite	section marker, rule padding cut
scripts/check-page-payload.mjs	1272	21	CONTRACT	keep	type annotation only; kept
scripts/check-page-payload.mjs	1281	274	WHY	rewrite	why a set and not a count, in one line
scripts/check-page-payload.mjs	1299	587	WHY	rewrite	why neither the name nor byte equality works, in one line
scripts/check-page-payload.mjs	1324	21	CONTRACT	keep	type annotation only; kept
scripts/check-page-payload.mjs	1327	78	CONTRACT	rewrite	section marker, rule padding cut
scripts/check-page-payload.mjs	1343	1244	WHY	rewrite	the three source facts, one clause each; the dated check:browser failure goes to the history document
scripts/check-page-payload.mjs	1377	497	WHY	rewrite	what the handle buys and why the set is derived, in one line
scripts/check-page-payload.mjs	1407	306	WHY	rewrite	why the discriminator is the projection call, in one line
scripts/check-page-payload.mjs	1434	583	WHY	rewrite	the string-on-both-sides blind spot; the mentions incident goes to the history document
scripts/check-page-payload.mjs	1455	78	CONTRACT	rewrite	section marker, rule padding cut
scripts/check-page-payload.mjs	1487	78	CONTRACT	rewrite	section marker, rule padding cut
scripts/check-page-payload.mjs	1499	846	WHY	rewrite	the CSP refusal and the split failure; the face's size and the inline limit go to the history document
scripts/check-page-payload.mjs	1523	716	WHY	rewrite	why this is the deliberate opposite of the loop's rule; the kilobyte figures go to the history document
scripts/check-page-payload.mjs	1549	18	CONTRACT	keep	type annotation only; kept
scripts/check-publications.mjs	1	1843	CONTRACT	rewrite	the boundary, the placement rule and the pairing rule, one clause each; the July build, the pipeline-only list and the topic-id incident go to the history document
scripts/check-publications.mjs	76	23	CONTRACT	keep	type annotation only; kept
scripts/check-publications.mjs	79	1139	CONTRACT	rewrite	the argument order and the one reason for the name; section 17's mechanism and this file's own failed spelling go to the history document
scripts/check-publications.mjs	112	26	CONTRACT	keep	type annotation only; kept
scripts/check-publications.mjs	117	80	CONTRACT	rewrite	section marker, rule padding cut
scripts/check-publications.mjs	123	344	WHY	rewrite	the fail-closed scope rule with its citation, in one line
scripts/check-publications.mjs	155	83	CONTRACT	rewrite	section marker, rule padding cut
scripts/check-publications.mjs	157	351	WHY	rewrite	why it is first, in one line
scripts/check-publications.mjs	190	81	CONTRACT	rewrite	section marker, rule padding cut
scripts/check-publications.mjs	231	81	CONTRACT	rewrite	section marker, rule padding cut
scripts/check-publications.mjs	233	230	WHY	rewrite	the symptom, in one line
scripts/check-publications.mjs	265	84	CONTRACT	rewrite	section marker, rule padding cut
scripts/check-publications.mjs	267	841	WHY	rewrite	the one way it goes stale, in one line; what it makes gateable and the extraction cost go to the history document
scripts/check-publications.mjs	302	264	WHY	rewrite	both directions, one clause each
scripts/check-publications.mjs	321	328	WHY	rewrite	why bytes and not size, in one line
scripts/check-publications.mjs	346	242	WHY	rewrite	what it catches, in one line
scripts/check-publications.mjs	354	21	CONTRACT	keep	type annotation only; kept
scripts/check-publications.mjs	354	22	CONTRACT	keep	type annotation only; kept
scripts/check-publications.mjs	364	368	NUMBER	rewrite	why the threshold is low; the measured smallest extraction goes to the history document
scripts/check-publications.mjs	383	229	WHY	rewrite	what the field is for, in one line
scripts/check-publications.mjs	401	80	CONTRACT	rewrite	section marker, rule padding cut
scripts/check-publications.mjs	403	298	NUMBER	rewrite	which form and that it is a ruling; the oa.fcgi tally goes to the history document
scripts/check-publications.mjs	432	82	CONTRACT	rewrite	section marker, rule padding cut
scripts/check-publications.mjs	434	564	WHY	rewrite	where the character lands and why the count is beside it; the decode history goes out
scripts/check-publications.mjs	458	82	CONTRACT	rewrite	section marker, rule padding cut
scripts/check-publications.mjs	460	344	WHY	rewrite	why the TOPICS block, in one line; the incident's tally goes to the history document
scripts/check-publications.mjs	497	81	CONTRACT	rewrite	section marker, rule padding cut
scripts/check-publications.mjs	499	368	WHY	rewrite	what a collision costs, in one line; the worked example goes out
scripts/check-publications.mjs	525	758	WHY	rewrite	why the path is a literal and the quiet symptom; the media-library reasoning goes to the history document
scripts/check-publications.mjs	548	351	WHY	rewrite	the property against the mechanism, in one line
scripts/check-publications.mjs	567	78	CONTRACT	rewrite	section marker, rule padding cut
scripts/check-publications.mjs	569	233	WHY	rewrite	what a one-way check passes on, in one line
scripts/check-publications.mjs	611	79	CONTRACT	rewrite	section marker, rule padding cut
scripts/check-publications.mjs	613	1356	WHY	rewrite	what the list means and the three states, which nothing else records; the ruling's date, the review it overrode and the per-record tally go to the history document
scripts/check-publications.mjs	641	223	WHY	rewrite	what bronze means, in one line; the per-paper tally goes out
scripts/check-publications.mjs	648	78	WHY	rewrite	what this group is; the ruling number goes to the history document
scripts/check-publications.mjs	657	81	CONTRACT	keep	one line already; kept
scripts/check-publications.mjs	658	28	CONTRACT	keep	type annotation only; kept
scripts/check-publications.mjs	697	320	WHY	rewrite	what a stale exemption costs, in one line
scripts/check-publications.mjs	715	246	WHY	rewrite	what a null source would mean, in one line
scripts/check-publications.mjs	732	78	CONTRACT	rewrite	section marker, rule padding cut
scripts/check-publications.mjs	734	1581	CONTRACT	rewrite	why not the render, that both halves are needed, and why the builder throws; check:browser's boundary and Scholar's quoted minimum go to the history document
scripts/check-publications.mjs	767	23	CONTRACT	keep	type annotation only; kept
scripts/check-publications.mjs	793	241	WHY	rewrite	what the mistake produces, in one line
scripts/check-publications.mjs	808	283	CONTRACT	rewrite	Scholar's rule and why it is on the tag, in one line
scripts/check-publications.mjs	837	203	WHY	rewrite	why comments are stripped, in one line
scripts/check-publications.mjs	862	84	CONTRACT	rewrite	section marker, rule padding cut
scripts/check-publications.mjs	864	754	WHY	rewrite	what a gate can say here and why the count carries it; the tense-bound 'today every record is null' goes out
scripts/check-publications.mjs	894	301	WHY	rewrite	the rule and that it is deliberately loose, in one line
scripts/check-publications.mjs	907	296	WHY	rewrite	why the hook cannot reach these, in one line
scripts/check-publications.mjs	929	79	CONTRACT	rewrite	section marker, rule padding cut
scripts/check-publications.mjs	931	362	WHY	rewrite	what a dated artifact can be checked for, in one line
scripts/check-publications.mjs	978	372	WHY	rewrite	what each half catches; the 52-against-50 record goes to the history document
scripts/check-publications.mjs	1010	273	WHY	rewrite	what would render, in one line
scripts/check-publications.mjs	1017	18	CONTRACT	keep	type annotation only; kept
scripts/check-publications.mjs	1022	18	CONTRACT	keep	type annotation only; kept
scripts/check-publications.mjs	1027	80	CONTRACT	rewrite	section marker, rule padding cut
scripts/check-publications.mjs	1029	699	CONTRACT	rewrite	the two properties, one clause each
scripts/check-publications.mjs	1042	368	WHY	rewrite	the prohibition and its because, in one line
scripts/check-publications.mjs	1057	483	WHY	rewrite	why it is stated twice and what keeps them equal, in one line
scripts/check-publications.mjs	1127	272	WHY	rewrite	what a reader would see, in one line
scripts/check-publications.mjs	1140	215	WHY	rewrite	why it matters here, in one line
scripts/check-publications.mjs	1151	507	WHY	rewrite	the prohibition and its because, in one line; the five-record tally goes out
scripts/check-publications.mjs	1171	127	NUMBER	rewrite	what a lowercasing export breaks; the count of mixed-case DOIs goes to the history document
scripts/check-publications.mjs	1183	83	CONTRACT	rewrite	section marker, rule padding cut
scripts/check-publications.mjs	1185	447	WHY	rewrite	why a count and why it is not merged; the July record goes to the history document
scripts/check-publications.mjs	1200	80	CONTRACT	rewrite	section marker, rule padding cut
scripts/check-publications.mjs	1202	790	WHY	rewrite	why build product needs this most and why nothing is written first
scripts/check-publications.mjs	1249	310	WHY	rewrite	what the prune failing leaves, in one line
scripts/check-publications.mjs	1265	750	WHY	rewrite	why both directions and why not a count; the URL count goes to the history document
scripts/check-publications.mjs	1304	478	WHY	rewrite	what a lost twin still does, in one line
scripts/check-publications.mjs	1321	156	WHY	keep	why half, and what the twin does to the pages; two lines already
scripts/check-publications.mjs	1333	576	WHY	rewrite	which boundary and why the needle is anchored, in one line
scripts/check-publications.mjs	1353	78	CONTRACT	rewrite	section marker, rule padding cut
scripts/check-publications.mjs	1355	551	WHY	rewrite	what each half alone would assert, in one line
scripts/check-publications.mjs	1385	18	CONTRACT	keep	type annotation only; kept
scripts/check-publications.mjs	1386	18	CONTRACT	keep	type annotation only; kept
scripts/check-publications.mjs	1406	118	WHY	keep	why the URL is compared rather than assumed; two lines already
scripts/check-publications.mjs	1419	659	WHY	rewrite	why full text is out of the index and why no threshold; the index size goes to the history document
scripts/check-publications.mjs	1446	480	WHY	rewrite	why over the real corpus, in one line
scripts/check-publications.mjs	1472	332	WHY	rewrite	which spelling the uploader uses, in one line
scripts/check-publications.mjs	1488	474	WHY	rewrite	what the two halves own, in one line
scripts/check-publications.mjs	1509	709	WHY	rewrite	the property and why it is decoded; the failed first URL goes to the history document
scripts/check-publications.mjs	1536	385	WHY	rewrite	what a quote would do; the measured 'none of the 36' goes to the history document
scripts/check-publications.mjs	1552	375	WHY	rewrite	why stripped and the stripper's limit, in one line
scripts/check-publications.mjs	1575	77	CONTRACT	rewrite	section marker, rule padding cut
scripts/check-publications.mjs	1577	618	WHY	rewrite	why the count is in the label and what the other half is; the sweep's tally goes to the history document
scripts/check-publications.mjs	1599	305	WHY	rewrite	what it refuses when the set fills, in one line
scripts/check-publications.mjs	1626	77	CONTRACT	rewrite	section marker, rule padding cut
scripts/check-publications.mjs	1628	925	WHY	rewrite	why the anchor and why both directions; the per-paper accessions go to the history document
scripts/check-publications.mjs	1664	20	CONTRACT	keep	type annotation only; kept
scripts/check-publications.mjs	1690	240	WHY	rewrite	what a wrong registry URL looks like, in one line
scripts/check-publications.mjs	1706	82	CONTRACT	rewrite	section marker, rule padding cut
scripts/check-publications.mjs	1708	2347	NUMBER	rewrite	the measurement rule and the slack convention; eleven dated re-measurements and both first-run findings go to the history document
scripts/build-og.mjs	1	1885	CONTRACT	rewrite	the mode, the gap it leaves and the coupling law; the two measured reasons for Node, the bundle sizes and the gitignore aside go to the history document
scripts/build-og.mjs	64	537	WHY	rewrite	why the bucket is derived, in one line; the literal it replaced goes to the history document
scripts/build-og.mjs	76	79	CONTRACT	keep	one line already; kept
scripts/build-og.mjs	81	2817	WHY	rewrite	why the tokens are resolved and why the dark block; the v4 argument, the rule-7 reading and the mark's ruling go to the history document
scripts/build-og.mjs	144	1429	CONTRACT	rewrite	why the wordmark is read from seo.ts and why as text; the tsc error codes and the rejected alternatives go to the history document
scripts/build-og.mjs	170	637	WHY	rewrite	the prohibition and what block-only stripping read; the plant and its date go to the history document
scripts/build-og.mjs	197	2403	CONTRACT	rewrite	what the card derives and the two anchors; the v4 argument, the crop reasoning and the rule-7 reading go to the history document
scripts/build-og.mjs	246	109	CONTRACT	keep	type annotation only; kept
scripts/build-og.mjs	257	583	WHY	rewrite	why both cuts are in JavaScript; the measurement and the two-template history go to the history document
scripts/build-og.mjs	271	411	WHY	rewrite	what the owner returns and why the line is a filtered list
scripts/build-og.mjs	281	381	NUMBER	rewrite	what changing the padding invalidates; the two figures are the constants below
scripts/build-og.mjs	305	825	WHY	rewrite	that the module is a seam; the wordmark's move goes to the history document
scripts/build-og.mjs	321	125	WHY	keep	what the gap does; two lines already
scripts/build-og.mjs	334	1231	WHY	rewrite	which property satori honours and which it ignores; both measurements and the false claim go to the history document
scripts/build-og.mjs	360	1116	WHY	rewrite	why two lines and why it is cut hard; the v3 removal argument goes to the history document
scripts/build-og.mjs	390	142	WHY	keep	the realistic case; two lines already
scripts/build-og.mjs	398	1848	WHY	rewrite	that the pair is measured and why this token; Dustin's ruling and the alternatives go to the history document
scripts/build-og.mjs	431	466	WHY	rewrite	why a filtered list and why one span
scripts/build-og.mjs	458	666	CONTRACT	rewrite	why the prefix is stripped and the fail-closed direction
scripts/build-og.mjs	501	808	WHY	rewrite	what the mode is for and why it returns early; the argument for a review stop goes to the history document
scripts/build-og.mjs	524	20	CONTRACT	keep	type annotation only; kept
scripts/build-og.mjs	540	229	WHY	rewrite	one derivation, and what two would do
scripts/build-og.mjs	543	48	CONTRACT	keep	type annotation only; kept
scripts/build-og.mjs	547	992	WHY	rewrite	the leak and the imported rule; the measured object and its bytes go to the history document
scripts/build-og.mjs	573	57	CONTRACT	keep	one line already; kept
scripts/build-og.mjs	591	153	CONTRACT	keep	why plain objects; two lines already
scripts/build-og.mjs	593	18	CONTRACT	keep	type annotation only; kept
scripts/build-og.mjs	604	106	CONTRACT	keep	two lines already; kept
scripts/build-og.mjs	617	222	WHY	rewrite	why one quoted string, in one line
scripts/build-og.mjs	623	69	CONTRACT	keep	one line already; kept
scripts/build-og.mjs	635	668	WHY	rewrite	why the ordering is the safety property
scripts/build-og.mjs	655	934	WHY	rewrite	why a listing is refused; the dated network error and the diagrams comparison go to the history document
scripts/build-og.mjs	684	2248	WHY	rewrite	the law, why this shape and the boundary; the enforcement date, the ship aside and the Capsid deletion go to the history document
scripts/build-og.mjs	728	314	WHY	rewrite	both arms of the scope assertion, in two lines
scripts/check-content.mjs	1	2543	CONTRACT	rewrite	the boundary and the five subjects, each to its claim; the artifact-arc narrative and the per-subject argument go to the history document
scripts/check-content.mjs	52	291	WHY	rewrite	one owner, in one line
scripts/check-content.mjs	67	316	WHY	rewrite	why names and why capped
scripts/check-content.mjs	81	178	CONTRACT	keep	two lines already; kept
scripts/check-content.mjs	105	582	WHY	rewrite	what the second render proves and why one process
scripts/check-content.mjs	125	18	CONTRACT	keep	type annotation only; kept
scripts/check-content.mjs	132	18	CONTRACT	keep	type annotation only; kept
scripts/check-content.mjs	167	1555	CONTRACT	rewrite	the three claims and the one it adds; the bundle argument and the taste aside go to the history document
scripts/check-content.mjs	231	1809	CONTRACT	rewrite	the subject, the scope control and the two derivations; the determinism aside goes to the history document
scripts/check-content.mjs	265	23	CONTRACT	keep	type annotation only; kept
scripts/check-content.mjs	293	384	WHY	rewrite	what it proves about the validator, in one line
scripts/check-content.mjs	308	357	WHY	rewrite	why it is asserted on the record, in one line
scripts/check-content.mjs	328	269	WHY	rewrite	what a silent drop would cost
scripts/check-content.mjs	348	210	WHY	rewrite	what this owns that a fixture cannot
scripts/check-content.mjs	363	321	WHY	rewrite	what a record carrying markup would do
scripts/check-content.mjs	415	701	WHY	rewrite	why the strip is required; the fixture aside goes to the history document
scripts/check-content.mjs	434	985	CONTRACT	rewrite	the claim and the two derivations; the six-output enumeration goes to the history document
scripts/check-content.mjs	454	23	CONTRACT	keep	type annotation only; kept
scripts/check-content.mjs	487	191	WHY	rewrite	why it is asserted on the record, in one line
scripts/check-content.mjs	507	275	WHY	rewrite	why on the output and not the validator
scripts/check-content.mjs	524	311	WHY	rewrite	the same reason as the math side, in one line
scripts/check-content.mjs	533	18	CONTRACT	keep	type annotation only; kept
scripts/check-content.mjs	536	18	CONTRACT	keep	type annotation only; kept
scripts/check-content.mjs	537	18	CONTRACT	keep	type annotation only; kept
scripts/check-content.mjs	538	18	CONTRACT	keep	type annotation only; kept
scripts/check-content.mjs	539	18	CONTRACT	keep	type annotation only; kept
scripts/check-content.mjs	574	920	CONTRACT	rewrite	the failure it exists for and the both-directions rule
scripts/check-content.mjs	591	64	CONTRACT	keep	type annotation only; kept
scripts/check-content.mjs	604	21	CONTRACT	keep	type annotation only; kept
scripts/check-content.mjs	633	198	WHY	rewrite	what a zero-face derivation would agree with
scripts/check-content.mjs	648	23	CONTRACT	keep	type annotation only; kept
scripts/check-content.mjs	691	1302	CONTRACT	rewrite	what the schema cannot decide and why the count is printed; the widening's timing goes to the history document
scripts/check-content.mjs	716	23	CONTRACT	keep	type annotation only; kept
scripts/check-content.mjs	723	199	WHY	rewrite	why external links are out of scope, in one line
scripts/check-content.mjs	748	960	CONTRACT	rewrite	why a stale copy is worse than none, and the separate scope numbers
scripts/check-content.mjs	770	21	CONTRACT	keep	type annotation only; kept
scripts/check-content.mjs	797	1263	NUMBER	rewrite	why floors and why they are set by hand; the re-measurement, the drift figures and the tolerance formula go to the history document
scripts/check-content.mjs	833	475	WHY	rewrite	why it is named rather than left to the bytes
scripts/check-content.mjs	859	1683	CONTRACT	rewrite	why a Worker cannot list its assets, the tier argument and the boundary; the shipped-commit example and the ordering note go to the history document
scripts/check-content.mjs	892	228	WHY	rewrite	what a broken walk and an empty directory share
scripts/check-content.mjs	904	23	CONTRACT	keep	type annotation only; kept
scripts/check-content.mjs	906	62	CONTRACT	keep	type annotation only; kept
scripts/check-content.mjs	910	272	WHY	rewrite	why the default is absent, in one line
scripts/check-content.mjs	915	62	CONTRACT	keep	one line already; kept
scripts/check-content.mjs	930	233	WHY	rewrite	why order is compared as well as membership
scripts/check-content.mjs	965	1542	CONTRACT	rewrite	the three reconciliations and why it does not re-encode; the finding reference goes to the history document
scripts/check-content.mjs	995	231	WHY	rewrite	what an empty expectation would agree with
scripts/check-content.mjs	1010	23	CONTRACT	keep	type annotation only; kept
scripts/check-content.mjs	1012	23	CONTRACT	keep	type annotation only; kept
scripts/check-content.mjs	1046	185	WHY	rewrite	why the executed count is paired, in one line
scripts/check-content.mjs	1057	1451	CONTRACT	rewrite	why it is a defect, the two live paths and why git is asked; the gitignore entry and the tripwire framing go to the history document
scripts/check-content.mjs	1084	258	WHY	rewrite	the three states and which one is a pass
scripts/check-content.mjs	1103	280	WHY	rewrite	what each exit code means and which branch fails closed
scripts/check-content.mjs	1136	22	CONTRACT	keep	type annotation only; kept
scripts/restore-drill.mjs	1	3116	CONTRACT	rewrite	the boundary against check:backup, what it restores from, the Time Travel limit and the production guard; the backup-store argument and the deletion note go to the history document
scripts/restore-drill.mjs	69	61	CONTRACT	keep	one line already; kept
scripts/restore-drill.mjs	72	1448	WHY	rewrite	why the UUID and which database the config poisons; the error text, the CI runs and the class note go to the history document
scripts/restore-drill.mjs	103	255	WHY	rewrite	why dated and why prefixed, in two lines
scripts/restore-drill.mjs	116	314	CONTRACT	rewrite	the argument order and what a string in the condition slot does
scripts/restore-drill.mjs	133	339	CONTRACT	rewrite	why one quoted string; the FAILURES reference goes to the history document
scripts/restore-drill.mjs	152	479	WHY	rewrite	what a head slice reported; the banner enumeration goes to the history document
scripts/restore-drill.mjs	172	548	CONTRACT	rewrite	the guard and why it checks both directions
scripts/restore-drill.mjs	192	387	WHY	rewrite	resolving bindings rather than spellings, on the guard
scripts/restore-drill.mjs	214	341	CONTRACT	rewrite	why --json rather than the printed table
scripts/restore-drill.mjs	233	243	WHY	rewrite	why the payload is located rather than parsed whole
scripts/restore-drill.mjs	245	1177	WHY	rewrite	why the runner cannot be used and what replaces the bookkeeping table; the measurement and the refusal text go to the history document
scripts/restore-drill.mjs	272	354	WHY	rewrite	why derived, in one line
scripts/restore-drill.mjs	282	1573	WHY	rewrite	why order matters despite the PRAGMA, and why the edges are derived; both measured runs go to the history document
scripts/restore-drill.mjs	317	39	CONTRACT	keep	type annotation only; kept
scripts/restore-drill.mjs	336	308	WHY	rewrite	why the caller asserts it and what the silent zero is
scripts/restore-drill.mjs	342	23	CONTRACT	keep	type annotation only; kept
scripts/restore-drill.mjs	345	54	CONTRACT	keep	type annotation only; kept
scripts/restore-drill.mjs	357	81	CONTRACT	keep	one line already; kept
scripts/restore-drill.mjs	373	26	CONTRACT	keep	type annotation only; kept
scripts/restore-drill.mjs	389	536	WHY	rewrite	why the shadow tables, in two lines
scripts/restore-drill.mjs	406	304	CONTRACT	rewrite	why sqlite_master and why the DDL comes with it
scripts/restore-drill.mjs	415	283	CONTRACT	rewrite	whose tables these are, in two lines
scripts/restore-drill.mjs	429	791	WHY	rewrite	why a sweep exists and why it is bounded; the two leaked names go to the history document
scripts/restore-drill.mjs	446	373	WHY	rewrite	why it is parsed outside the branch, in two lines
scripts/restore-drill.mjs	454	75	CONTRACT	keep	type annotation only; kept
scripts/restore-drill.mjs	457	245	WHY	rewrite	why there is no fallback, in one line
scripts/restore-drill.mjs	496	37	CONTRACT	keep	type annotation only; kept
scripts/restore-drill.mjs	500	75	CONTRACT	rewrite	section marker, rule padding cut
scripts/restore-drill.mjs	510	477	WHY	rewrite	the silent fallback the scope check catches
scripts/restore-drill.mjs	529	55	CONTRACT	keep	type annotation only; kept
scripts/restore-drill.mjs	533	843	WHY	rewrite	why there is no status check and which throw is load-bearing
scripts/restore-drill.mjs	562	302	WHY	rewrite	why progress is printed, in one line
scripts/restore-drill.mjs	580	76	CONTRACT	rewrite	section marker, rule padding cut
scripts/restore-drill.mjs	592	75	CONTRACT	rewrite	section marker, rule padding cut
scripts/restore-drill.mjs	625	76	CONTRACT	rewrite	section marker, rule padding cut
scripts/restore-drill.mjs	627	1171	WHY	rewrite	the collision, the reverse order and why no index can reach the list; the measurement goes to the history document
scripts/restore-drill.mjs	661	76	CONTRACT	rewrite	section marker, rule padding cut
scripts/restore-drill.mjs	663	1142	WHY	rewrite	why one file and what the PRAGMA buys; the two failing tables and the per-table history go to the history document
scripts/restore-drill.mjs	685	23	CONTRACT	keep	type annotation only; kept
scripts/restore-drill.mjs	688	80	CONTRACT	keep	one line already; kept
scripts/restore-drill.mjs	705	391	WHY	rewrite	the citation and what makes the equalities meaningful
scripts/restore-drill.mjs	734	76	CONTRACT	rewrite	section marker, rule padding cut
scripts/restore-drill.mjs	745	379	WHY	rewrite	why per column rather than one deep-equal
scripts/restore-drill.mjs	752	20	CONTRACT	keep	type annotation only; kept
scripts/restore-drill.mjs	766	360	WHY	rewrite	what this drill can say that nothing else can
scripts/restore-drill.mjs	780	20	CONTRACT	keep	type annotation only; kept
scripts/restore-drill.mjs	791	75	CONTRACT	rewrite	section marker, rule padding cut
scripts/restore-drill.mjs	793	801	WHY	rewrite	what the comparison replaces and why both sides use one classifier; RECOVERY.md's dated observation goes to the history document
scripts/restore-drill.mjs	807	45	CONTRACT	keep	type annotation only; kept
scripts/restore-drill.mjs	845	74	CONTRACT	rewrite	section marker, rule padding cut
scripts/restore-drill.mjs	847	825	WHY	rewrite	why not a sample and what this adds over the health poll; the bucket's object count goes to the history document
scripts/restore-drill.mjs	870	23	CONTRACT	keep	type annotation only; kept
scripts/restore-drill.mjs	878	285	WHY	rewrite	why size corroborates and why the rule is restated here
scripts/restore-drill.mjs	908	74	CONTRACT	rewrite	section marker, rule padding cut
scripts/restore-drill.mjs	925	531	NUMBER	rewrite	what the count moves with; the measurement, the date and the two earlier readings go to the history document
scripts/restore-drill.mjs	945	236	WHY	rewrite	why exitCode; the measurement goes to the history document
scripts/restore-drill.mjs	953	22	CONTRACT	keep	type annotation only; kept
scripts/check-config.mjs	1	3324	CONTRACT	rewrite	the subject, the two pairs, the boundary and what is and is not compared; the images-binding incident, the conventions quotation and the aged boundary note go to the history document
scripts/check-config.mjs	73	467	WHY	rewrite	why it is declared here; the ReferenceError run goes to the history document
scripts/check-config.mjs	88	83	CONTRACT	keep	type annotation only; kept
scripts/check-config.mjs	103	831	WHY	rewrite	what the map holds and why the shape is per entry
scripts/check-config.mjs	145	600	CONTRACT	rewrite	why one routine rather than two
scripts/check-config.mjs	180	155	CONTRACT	keep	why narrowed; two lines already
scripts/check-config.mjs	190	302	WHY	rewrite	how two blind surfaces agree; the plant goes to the history document
scripts/check-config.mjs	207	69	WHY	keep	one line already; kept
scripts/check-config.mjs	214	798	NUMBER	rewrite	what `> 0` cannot see; the sweep's date and the measurement go to the history document
scripts/check-config.mjs	258	71	CONTRACT	keep	one line already; kept
scripts/check-config.mjs	272	1498	WHY	rewrite	why vars are compared at all, and the two-questions distinction; the discovery date and both examples go to the history document
scripts/check-config.mjs	299	38	CONTRACT	keep	type annotation only; kept
scripts/check-config.mjs	300	38	CONTRACT	keep	type annotation only; kept
scripts/check-config.mjs	338	789	WHY	rewrite	what an invocation log carries and why parity is not the property; the date goes to the history document
scripts/check-config.mjs	377	78	CONTRACT	rewrite	section marker, rule padding cut
scripts/check-config.mjs	393	226	WHY	rewrite	what a clone without it would do, in two lines
scripts/check-config.mjs	401	470	WHY	rewrite	why the value is asserted and not just parity
scripts/check-config.mjs	420	130	CONTRACT	keep	two lines already; kept
scripts/check-config.mjs	424	402	WHY	rewrite	what the length check makes explicit; the simplification account goes to the history document
scripts/check-config.mjs	440	946	WHY	rewrite	why a word and not a NUL; the arrival-as-a-byte account goes to the history document
scripts/check-config.mjs	466	78	CONTRACT	rewrite	section marker, rule padding cut
scripts/check-config.mjs	468	699	WHY	rewrite	what described the watchdog before, and why workers_dev is asserted false; the date goes to the history document
scripts/check-config.mjs	507	882	WHY	rewrite	who owns the cron and why exactly one; the section-25 history goes to the history document
scripts/check-config.mjs	551	739	WHY	rewrite	why absent is not empty and why present-and-array; the stray cron's dates go to the history document
scripts/check-config.mjs	584	77	CONTRACT	rewrite	section marker, rule padding cut
scripts/check-config.mjs	589	38	CONTRACT	keep	type annotation only; kept
scripts/check-config.mjs	596	876	WHY	rewrite	what the per-field assertions miss and why the needles are read; the ae-probe incident goes to the history document
scripts/check-config.mjs	614	76	CONTRACT	keep	type annotation plus what the pair holds; one line already
scripts/check-config.mjs	615	38	CONTRACT	keep	type annotation only; kept
scripts/check-config.mjs	616	18	CONTRACT	keep	type annotation only; kept
scripts/check-config.mjs	619	18	CONTRACT	keep	type annotation only; kept
scripts/check-config.mjs	622	241	WHY	rewrite	both arms, and why the floor is on the count
scripts/check-config.mjs	645	23	CONTRACT	keep	type annotation only; kept
scripts/check-config.mjs	652	65	CONTRACT	keep	one line already; kept
scripts/check-config.mjs	667	75	CONTRACT	rewrite	section marker, rule padding cut
scripts/check-config.mjs	669	1110	WHY	rewrite	what a span carries and why explicitly-false; the ruling's date and the redact aside go to the history document
scripts/check-config.mjs	712	79	CONTRACT	rewrite	section marker, rule padding cut
scripts/check-config.mjs	714	1923	WHY	rewrite	what the live half adds, why it is behind a flag and why it fails closed; the aged boundary note and the stray cron's dates go to the history document
scripts/check-config.mjs	782	78	CONTRACT	keep	one line already; kept
scripts/check-config.mjs	791	31	CONTRACT	keep	type annotation only; kept
scripts/check-config.mjs	802	243	WHY	rewrite	why the two directions are named separately
scripts/check-config.mjs	807	21	CONTRACT	keep	type annotation only; kept
scripts/check-config.mjs	808	21	CONTRACT	keep	type annotation only; kept
scripts/check-config.mjs	834	834	NUMBER	rewrite	what an empty surface would do; the three dated readings and the guessed figure go to the history document
scripts/check-config.mjs	850	661	NUMBER	rewrite	why the floor tracks the offline count; the two dated runs and the tolerance arithmetic go to the history document
scripts/check-config.mjs	861	590	NUMBER	rewrite	why one name per branch; the measurement and the failing run go to the history document
scripts/check-config.mjs	882	634	WHY	rewrite	why exitCode, and why a race is worse than a consistent failure; the assertion text goes to the history document
scripts/check-microformats.mjs	1	3637	CONTRACT	rewrite	the boundary, why a parser, fixture independence and the fail-closed rule; the placement argument, the rejected reader and the practical-effect paragraph go to the history document
scripts/check-microformats.mjs	87	23	CONTRACT	keep	type annotation only; kept
scripts/check-microformats.mjs	91	389	CONTRACT	rewrite	why this argument order and the citation, in two lines
scripts/check-microformats.mjs	106	1115	WHY	rewrite	why a second read, why the scope is bounded and where the path comes from; the section 15b catch goes to the history document
scripts/check-microformats.mjs	130	77	WHY	keep	one line already; kept
scripts/check-microformats.mjs	142	160	CONTRACT	keep	one owner for the lookup; already short
scripts/check-microformats.mjs	153	126	CONTRACT	keep	why flattened; already short
scripts/check-microformats.mjs	158	20	CONTRACT	keep	type annotation only; kept
scripts/check-microformats.mjs	160	20	CONTRACT	keep	type annotation only; kept
scripts/check-microformats.mjs	165	20	CONTRACT	keep	type annotation only; kept
scripts/check-microformats.mjs	173	77	CONTRACT	rewrite	section marker, rule padding cut
scripts/check-microformats.mjs	175	626	WHY	rewrite	why it is built and why the failure is named
scripts/check-microformats.mjs	198	18	CONTRACT	keep	type annotation only; kept
scripts/check-microformats.mjs	200	223	WHY	rewrite	the first discipline with its citation, in two lines
scripts/check-microformats.mjs	217	1222	WHY	rewrite	why one source for expectation and subject, and why its own bundle call; the rejected alternatives go to the history document
scripts/check-microformats.mjs	253	18	CONTRACT	keep	type annotation only; kept
scripts/check-microformats.mjs	254	18	CONTRACT	keep	type annotation only; kept
scripts/check-microformats.mjs	273	251	CONTRACT	keep	why the built record; already short
scripts/check-microformats.mjs	284	315	WHY	rewrite	why the mentions block is empty here
scripts/check-microformats.mjs	297	1172	WHY	rewrite	what the wrong field arranged never to see, and the one honest difference; the live parse date goes to the history document
scripts/check-microformats.mjs	336	77	CONTRACT	rewrite	section marker, rule padding cut
scripts/check-microformats.mjs	353	18	CONTRACT	keep	type annotation only; kept
scripts/check-microformats.mjs	355	247	WHY	rewrite	why exactly one, in two lines
scripts/check-microformats.mjs	384	466	WHY	rewrite	why it is asserted as the body and why by length
scripts/check-microformats.mjs	392	18	CONTRACT	keep	type annotation only; kept
scripts/check-microformats.mjs	402	157	WHY	keep	where each side comes from; two lines already
scripts/check-microformats.mjs	414	18	CONTRACT	keep	type annotation only; kept
scripts/check-microformats.mjs	435	540	WHY	rewrite	why the gate is conditional in both directions
scripts/check-microformats.mjs	453	1031	WHY	rewrite	why the count must not move with the checkout, and where the threshold stays owned; the CI arithmetic goes to the history document
scripts/check-microformats.mjs	483	352	WHY	rewrite	why the whole-page count is pinned
scripts/check-microformats.mjs	506	1261	WHY	rewrite	why the fixture went and why the split is not asserted; the synthetic control's account goes to the history document
scripts/check-microformats.mjs	534	77	CONTRACT	rewrite	section marker, rule padding cut
scripts/check-microformats.mjs	537	18	CONTRACT	keep	type annotation only; kept
scripts/check-microformats.mjs	537	18	CONTRACT	keep	type annotation only; kept
scripts/check-microformats.mjs	542	483	WHY	rewrite	why the count is derived through the route's own helpers
scripts/check-microformats.mjs	565	83	CONTRACT	keep	one line already; kept
scripts/check-microformats.mjs	572	631	WHY	rewrite	why both ends and why a Set
scripts/check-microformats.mjs	593	18	CONTRACT	keep	type annotation only; kept
scripts/check-microformats.mjs	613	18	CONTRACT	keep	type annotation only; kept
scripts/check-microformats.mjs	617	528	WHY	rewrite	what the page actually promises; the refuted prompt goes to the history document
scripts/check-microformats.mjs	639	18	CONTRACT	keep	type annotation only; kept
scripts/check-microformats.mjs	642	18	CONTRACT	keep	type annotation only; kept
scripts/check-microformats.mjs	644	18	CONTRACT	keep	type annotation only; kept
scripts/check-microformats.mjs	664	349	WHY	rewrite	why paired in both directions
scripts/check-microformats.mjs	685	219	WHY	rewrite	what a consumer would be handed
scripts/check-microformats.mjs	705	77	CONTRACT	rewrite	section marker, rule padding cut
scripts/check-microformats.mjs	707	839	WHY	rewrite	why the fixture is derived; the dark-block incident goes to the history document
scripts/check-microformats.mjs	722	18	CONTRACT	keep	type annotation only; kept
scripts/check-microformats.mjs	723	18	CONTRACT	keep	type annotation only; kept
scripts/check-microformats.mjs	745	141	CONTRACT	keep	why the missing state; two lines already
scripts/check-microformats.mjs	751	18	CONTRACT	keep	type annotation only; kept
scripts/check-microformats.mjs	770	468	WHY	rewrite	why no photo, with its citation, and why the assertion inverts
scripts/check-microformats.mjs	788	18	CONTRACT	keep	type annotation only; kept
scripts/check-microformats.mjs	799	18	CONTRACT	keep	type annotation only; kept
scripts/check-microformats.mjs	819	318	WHY	rewrite	what a moved class would do to the entries
scripts/check-microformats.mjs	832	77	CONTRACT	rewrite	section marker, rule padding cut
scripts/check-microformats.mjs	834	614	WHY	rewrite	why on the rendered pages and why a named list
scripts/check-microformats.mjs	847	38	CONTRACT	keep	type annotation only; kept
scripts/check-microformats.mjs	877	77	CONTRACT	rewrite	section marker, rule padding cut
scripts/check-microformats.mjs	879	1972	NUMBER	rewrite	what the count is a function of, why the floor is tight and what it costs; three dated re-measurements and the CI proof go to the history document
scripts/check-logo.mjs	1	3176	CONTRACT	rewrite	the boundary, the two named gaps and why the fixtures stay; the collapse narrative and the v4 amendment prose go to the history document
scripts/check-logo.mjs	73	74	CONTRACT	keep	one line already; kept
scripts/check-logo.mjs	77	68	CONTRACT	keep	one line already; kept
scripts/check-logo.mjs	80	68	CONTRACT	keep	one line already; kept
scripts/check-logo.mjs	85	23	CONTRACT	keep	type annotation only; kept
scripts/check-logo.mjs	88	88	CONTRACT	keep	type annotation only; kept
scripts/check-logo.mjs	100	396	WHY	rewrite	why comments go first; the check:contrast incident goes to the history document
scripts/check-logo.mjs	111	846	WHY	rewrite	the prohibition and its because; the audit's wrong diagnosis goes to the history document
scripts/check-logo.mjs	130	58	CONTRACT	keep	type annotation only; kept
scripts/check-logo.mjs	134	126	CONTRACT	keep	one line already; kept
scripts/check-logo.mjs	145	25	CONTRACT	keep	type annotation only; kept
scripts/check-logo.mjs	153	119	CONTRACT	keep	one line already; kept
scripts/check-logo.mjs	159	151	WHY	keep	why the strong stripper here; two lines already
scripts/check-logo.mjs	165	25	CONTRACT	keep	type annotation only; kept
scripts/check-logo.mjs	180	229	CONTRACT	rewrite	section marker plus the scope rule, in one line
scripts/check-logo.mjs	198	202	CONTRACT	rewrite	section marker plus which viewBox is which
scripts/check-logo.mjs	205	83	CONTRACT	keep	type annotation only; kept
scripts/check-logo.mjs	231	62	CONTRACT	keep	one line already; kept
scripts/check-logo.mjs	237	1117	WHY	rewrite	what the geometry comparisons could not see, and the closed set; the v4 narrative goes to the history document
scripts/check-logo.mjs	257	68	CONTRACT	keep	one line already; kept
scripts/check-logo.mjs	258	695	WHY	rewrite	why a gate narrowed to fit a defect is worse than the defect, and the citation; the build-2 account goes to the history document
scripts/check-logo.mjs	273	919	WHY	rewrite	the dichotomy lesson and what actually moved; the tokens, the dates and the ratio go to the history document
scripts/check-logo.mjs	293	392	WHY	rewrite	why the whole set and not one file; the split's date goes to the history document
scripts/check-logo.mjs	300	452	WHY	rewrite	why the shared helper is safe here and where the hazard would land
scripts/check-logo.mjs	310	38	CONTRACT	keep	type annotation only; kept
scripts/check-logo.mjs	318	118	WHY	keep	the zero-scope arm; two lines already
scripts/check-logo.mjs	329	72	CONTRACT	keep	one line already; kept
scripts/check-logo.mjs	343	2001	WHY	rewrite	why it lives here, the two failure shapes and why the probe point is derived; the ruling's placement argument goes to the history document
scripts/check-logo.mjs	378	301	CONTRACT	rewrite	section marker plus why two implementations
scripts/check-logo.mjs	384	54	CONTRACT	keep	one line already; kept
scripts/check-logo.mjs	396	151	CONTRACT	keep	why a known payload; two lines already
scripts/check-logo.mjs	421	78	CONTRACT	rewrite	section marker, rule padding cut
scripts/check-logo.mjs	438	187	WHY	rewrite	what the directory alone cannot see
scripts/check-logo.mjs	450	78	CONTRACT	rewrite	section marker, rule padding cut
scripts/check-logo.mjs	452	140	WHY	keep	the zero-scope loop; two lines already
scripts/check-logo.mjs	462	854	WHY	rewrite	why the query must be absent; the superseded design's measurement goes to the history document
scripts/check-logo.mjs	496	750	NUMBER	rewrite	why not scope-floored and why the SVG block sits inside the margin; the measurement and the wrong first estimate go to the history document
scripts/check-logo.mjs	518	2244	CONTRACT	rewrite	what the text comparisons cannot see, the two sides and what they share; the hand proof's date and the token aside go to the history document
scripts/check-logo.mjs	568	301	CONTRACT	rewrite	why the font and why the cast, in two lines
scripts/check-logo.mjs	573	18	CONTRACT	keep	type annotation only; kept
scripts/check-logo.mjs	598	133	WHY	keep	why it fails here rather than three sections later; two lines already
scripts/check-logo.mjs	608	70	CONTRACT	keep	one line already; kept
scripts/check-logo.mjs	628	145	CONTRACT	keep	what EXPECTED is made of; two lines already
scripts/check-logo.mjs	670	225	NUMBER	rewrite	why a floor and not a measurement; the inked figure goes to the history document
scripts/check-logo.mjs	680	993	WHY	rewrite	why zero is the honest number and what can drift it; both plant measurements go to the history document
scripts/check-logo.mjs	702	687	NUMBER	rewrite	why the floor allows one and what every other silence looks like; the measurement goes to the history document
scripts/check-logo.mjs	724	77	CONTRACT	rewrite	section marker, rule padding cut
scripts/check-logo.mjs	726	797	NUMBER	rewrite	what this floors that the section floor cannot, and why never summed; the measurements and the dated readings go to the history document
scripts/improve-report.mjs	1	1849	CONTRACT	rewrite	where it runs, what it never reads, why TAP and the stream mode; the two audit findings and the byte-identical note go to the history document
scripts/improve-report.mjs	32	287	WHY	rewrite	why column 0 is unreachable, in two lines
scripts/improve-report.mjs	38	504	WHY	rewrite	what TAP escaping does not cover; the date and the phase name go to the history document
scripts/improve-report.mjs	44	28	CONTRACT	keep	type annotation only; kept
scripts/improve-report.mjs	50	239	CONTRACT	rewrite	what a segment is and why it is declared once
scripts/improve-report.mjs	53	156	CONTRACT	keep	type annotation only; kept
scripts/improve-report.mjs	61	1177	WHY	rewrite	why the map lives here, the offline rule and what null means; the CI plant and the dates go to the history document
scripts/improve-report.mjs	103	776	WHY	rewrite	why two exclusions and that neither is to move a number; the scores and the ruling date go to the history document
scripts/improve-report.mjs	123	159	CONTRACT	keep	what null means here; two lines already
scripts/improve-report.mjs	132	1144	WHY	rewrite	what the manifest is not, what it buys and the two consumers; the broken anchor's figures go to the history document
scripts/improve-report.mjs	152	32	CONTRACT	keep	type annotation only; kept
scripts/improve-report.mjs	157	115	CONTRACT	keep	what the file may contain; two lines already
scripts/improve-report.mjs	159	27	CONTRACT	keep	type annotation only; kept
scripts/improve-report.mjs	167	376	CONTRACT	rewrite	why relative specifiers only, and why bound names count
scripts/improve-report.mjs	173	27	CONTRACT	keep	type annotation only; kept
scripts/improve-report.mjs	175	26	CONTRACT	keep	type annotation only; kept
scripts/improve-report.mjs	177	489	WHY	rewrite	the anchor and the boundary; the five bad runs and their names go to the history document
scripts/improve-report.mjs	201	925	WHY	keep	the snapshot rule and the no-suppression rule; carries a tool directive, kept byte-identical
scripts/improve-report.mjs	222	300	CONTRACT	rewrite	what it returns and why it never names a file
scripts/improve-report.mjs	226	104	CONTRACT	keep	type annotation only; kept
scripts/improve-report.mjs	232	26	CONTRACT	keep	type annotation only; kept
scripts/improve-report.mjs	254	801	WHY	rewrite	why files rather than an inlined string, and what the tree list buys
scripts/improve-report.mjs	265	32	CONTRACT	keep	type annotation only; kept
scripts/improve-report.mjs	267	34	CONTRACT	keep	type annotation only; kept
scripts/improve-report.mjs	269	37	CONTRACT	keep	type annotation only; kept
scripts/improve-report.mjs	276	235	CONTRACT	keep	what counts as a top-level result; already short
scripts/improve-report.mjs	279	27	CONTRACT	keep	type annotation only; kept
scripts/improve-report.mjs	290	133	CONTRACT	keep	what null means; two lines already
scripts/improve-report.mjs	292	27	CONTRACT	keep	type annotation only; kept
scripts/improve-report.mjs	299	201	WHY	rewrite	why zero results is not a pass
scripts/improve-report.mjs	302	27	CONTRACT	keep	type annotation only; kept
scripts/improve-report.mjs	308	674	CONTRACT	rewrite	what bounds the stream and what the four kinds are
scripts/improve-report.mjs	318	56	CONTRACT	keep	type annotation only; kept
scripts/improve-report.mjs	324	24	CONTRACT	keep	type annotation only; kept
scripts/improve-report.mjs	326	29	CONTRACT	keep	type annotation only; kept
scripts/improve-report.mjs	329	384	WHY	rewrite	why the assignment is outside the closure
scripts/improve-report.mjs	334	85	CONTRACT	keep	type annotation only; kept
scripts/improve-report.mjs	340	22	CONTRACT	keep	type annotation only; kept
scripts/improve-report.mjs	374	105	CONTRACT	keep	one rule for one case and for a stream; already short
scripts/improve-report.mjs	376	56	CONTRACT	keep	type annotation only; kept
scripts/improve-report.mjs	388	214	WHY	rewrite	why an unterminated stream scores zero
scripts/improve-report.mjs	391	56	CONTRACT	keep	type annotation only; kept
scripts/improve-report.mjs	401	707	CONTRACT	rewrite	where the two numbers come from and what null means
scripts/improve-report.mjs	413	85	CONTRACT	keep	type annotation only; kept
scripts/improve-report.mjs	420	34	CONTRACT	keep	type annotation only; kept
scripts/improve-report.mjs	421	53	CONTRACT	keep	type annotation only; kept
scripts/improve-report.mjs	422	22	CONTRACT	keep	type annotation only; kept
scripts/improve-report.mjs	423	306	CONTRACT	rewrite	what counts as having run and why it is spelled out
scripts/improve-report.mjs	427	34	CONTRACT	keep	type annotation only; kept
scripts/improve-report.mjs	434	28	CONTRACT	keep	type annotation only; kept
scripts/improve-report.mjs	438	21	CONTRACT	keep	type annotation only; kept
scripts/improve-report.mjs	439	486	WHY	rewrite	how zero matches read as zero problems; the tool, the date and the exit code go to the history document
scripts/improve-report.mjs	450	618	WHY	rewrite	what a declared-but-never-reported metric did, and the both-directions test; the audit number goes to the history document
scripts/improve-report.mjs	462	191	CONTRACT	rewrite	why coercion is refused
scripts/improve-report.mjs	465	29	CONTRACT	keep	type annotation only; kept
scripts/improve-report.mjs	470	1015	CONTRACT	rewrite	the six modes, kept because they are the interface; the trusted-stash aside goes to the history document
scripts/improve-report.mjs	483	29	CONTRACT	keep	type annotation only; kept
scripts/improve-report.mjs	494	483	WHY	rewrite	what a clean zero cannot distinguish
scripts/improve-report.mjs	519	307	CONTRACT	keep	what it reads and why no filename; already short
scripts/improve-report.mjs	525	23	CONTRACT	keep	type annotation only; kept
scripts/improve-report.mjs	540	30	CONTRACT	keep	type annotation only; kept
scripts/improve-report.mjs	562	34	CONTRACT	keep	type annotation only; kept
scripts/improve-report.mjs	582	403	WHY	rewrite	what a bare null cannot tell apart
scripts/improve-report.mjs	603	246	WHY	rewrite	why both ends of the output
scripts/improve-report.mjs	607	483	WHY	rewrite	what the leading space defends against; the test name goes to the history document
scripts/improve-report.mjs	618	38	CONTRACT	keep	type annotation only; kept
scripts/improve-report.mjs	625	255	WHY	rewrite	what a disagreement looks like and which side wins
scripts/improve-report.mjs	629	38	CONTRACT	keep	type annotation only; kept
scripts/improve-report.mjs	638	75	CONTRACT	keep	type annotation only; kept
scripts/improve-report.mjs	657	118	CONTRACT	keep	type annotation only; kept
scripts/improve-report.mjs	664	25	CONTRACT	keep	type annotation only; kept
scripts/improve-report.mjs	666	338	WHY	rewrite	where the anchor comes from and why absent is zero; the audit reference goes to the history document
scripts/improve-report.mjs	671	380	WHY	rewrite	what the artifact is still read for, and why
scripts/improve-report.mjs	689	294	WHY	rewrite	why an unjudged attempt is not a reverted one
scripts/improve-report.mjs	702	108	CONTRACT	keep	why the direct-run guard; two lines already
scripts/check-head.mjs	1	4687	CONTRACT	rewrite	what it observes, what it inherits and why the counts are not written here; both founding incidents, every cost measurement and the 2881s reading go to the history document
scripts/check-head.mjs	100	241	CONTRACT	rewrite	why derived, in two lines
scripts/check-head.mjs	108	160	CONTRACT	keep	the recursion, in two lines; kept
scripts/check-head.mjs	113	817	WHY	rewrite	why it squares rather than loops, and why nothing is lost
scripts/check-head.mjs	129	1466	WHY	rewrite	why it can never pass in an extraction, with its citation; the verbatim failure list and both staleness dates go to the history document
scripts/check-head.mjs	155	309	WHY	rewrite	what it reads and why a checkout lacks it; the verbatim error goes to the history document
scripts/check-head.mjs	163	320	WHY	rewrite	why building to satisfy it would be wrong
scripts/check-head.mjs	170	1111	WHY	rewrite	why it is a different kind of exclusion and what it buys; the memory figures and the killed runs go to the history document
scripts/check-head.mjs	192	69	CONTRACT	keep	one line already; kept
scripts/check-head.mjs	195	1603	WHY	rewrite	what a one-line forward lost, why there is a cap and why truncation is announced; the incident and the sizing arithmetic go to the history document
scripts/check-head.mjs	228	266	CONTRACT	keep	what the fallback covers; already short
scripts/check-head.mjs	265	80	CONTRACT	keep	type annotation only; kept
scripts/check-head.mjs	276	80	CONTRACT	rewrite	section marker, rule padding cut
scripts/check-head.mjs	278	679	WHY	rewrite	what a NUL defeats and why bytes not text; the two carriers and their durations go to the history document
scripts/check-head.mjs	291	743	WHY	rewrite	why a scan scoped to the last defect catches only the last defect; the file, the dates and the eol reading go to the history document
scripts/check-head.mjs	308	1112	WHY	rewrite	why the exemption is named by extension and not by sniffing; the font move and its date go to the history document
scripts/check-head.mjs	330	48	CONTRACT	keep	type annotation only; kept
scripts/check-head.mjs	346	228	WHY	rewrite	why the exemption polices itself
scripts/check-head.mjs	358	933	NUMBER	rewrite	what a stale floor gave up; four dated readings, the blind-zone percentages and the claimed-versus-measured account go to the history document
scripts/check-head.mjs	390	81	CONTRACT	rewrite	section marker, rule padding cut
scripts/check-head.mjs	421	80	CONTRACT	rewrite	section marker, rule padding cut
scripts/check-head.mjs	447	340	WHY	rewrite	why a junction and why through node
scripts/check-head.mjs	461	179	CONTRACT	keep	what bootstrap does and why; two lines already
scripts/check-head.mjs	474	419	WHY	rewrite	why it is built and why before the content build; the ruling number goes to the history document
scripts/check-head.mjs	495	367	WHY	rewrite	why the local build product is built here
scripts/check-head.mjs	515	484	WHY	rewrite	the same reason, and what it reported when missing
scripts/check-head.mjs	536	306	WHY	rewrite	the same reason once more, in two lines
scripts/check-head.mjs	556	77	CONTRACT	keep	type annotation only; kept
scripts/check-head.mjs	606	264	WHY	rewrite	why cleanup must survive a crash, and why prune runs regardless
scripts/check-head.mjs	616	38	CONTRACT	keep	one line already; kept
scripts/check-head.mjs	623	21	CONTRACT	keep	one line already; kept
scripts/check-head.mjs	634	1470	NUMBER	rewrite	what this floors that the gate floor cannot, and why the floor did not move; both dated re-measurements and the rotted prose go to the history document
scripts/check-tests.mjs	1	1607	CONTRACT	rewrite	the boundary and the empty-glob defect; the measured baseline and the audit's date go to the history document
scripts/check-tests.mjs	47	2908	NUMBER	rewrite	the measurement rule, why tight and the invariant; five rounds of drift, the missed convention and every dated figure go to the history document
scripts/check-tests.mjs	96	503	NUMBER	rewrite	pure chronology beside the constant it describes; every dated reading goes to the history document
scripts/check-tests.mjs	103	1950	NUMBER	rewrite	why this floor drifted unseen and what fixed it; six dated readings and the tolerance arithmetic go to the history document
scripts/check-tests.mjs	132	3469	NUMBER	rewrite	what this floor catches that the file floor cannot; seven dated re-measurements, their gaps and their tolerances go to the history document
scripts/check-tests.mjs	184	80	CONTRACT	keep	type annotation only; kept
scripts/check-tests.mjs	193	684	WHY	rewrite	why by command line and why one platform
scripts/check-tests.mjs	225	706	WHY	rewrite	what a creeping hang looks like without it, and why both reporters are parsed
scripts/check-tests.mjs	242	50	CONTRACT	keep	type annotation only; kept
scripts/check-tests.mjs	245	76	CONTRACT	keep	the tap shape; one line already
scripts/check-tests.mjs	259	37	CONTRACT	keep	the spec shape; one line already
scripts/check-tests.mjs	267	427	WHY	rewrite	why deduped; the measured run goes to the history document
scripts/check-tests.mjs	285	48	CONTRACT	keep	type annotation only; kept
scripts/check-tests.mjs	309	1200	WHY	rewrite	why a growing scope floor belongs in the meta-gate and which ones do not
scripts/check-tests.mjs	339	1547	WHY	rewrite	the two bounds and what each catches; the leak's file, its date and the lost tiers go to the history document
scripts/check-tests.mjs	371	1403	WHY	rewrite	why the spawn bound is load-bearing, proven by plant; both measured runs and the timings go to the history document
scripts/check-tests.mjs	415	712	WHY	rewrite	why by command line and why on every path
scripts/check-tests.mjs	434	344	CONTRACT	rewrite	why the cast is the honest narrowing
scripts/check-tests.mjs	441	48	CONTRACT	keep	type annotation only; kept
scripts/check-tests.mjs	455	78	CONTRACT	keep	both reporter spellings; one line already
scripts/check-tests.mjs	456	21	CONTRACT	keep	type annotation only; kept
scripts/check-tests.mjs	474	207	WHY	rewrite	why the absence is printed
scripts/check-tests.mjs	503	745	NUMBER	rewrite	what this floors and why the slack is zero; the measurement and its date go to the history document
scripts/check-secrets.mjs	1	3158	CONTRACT	rewrite	the boundary, the two arguing sources, the strict path rule and fail-closed; the founding defect, the audit's ranking and the cost paragraph go to the history document
scripts/check-secrets.mjs	80	809	WHY	rewrite	why importing the list does not cost the independence; the two-copies incident goes to the history document
scripts/check-secrets.mjs	96	385	WHY	rewrite	why the mechanism exists while the map is empty
scripts/check-secrets.mjs	108	694	CONTRACT	rewrite	why a binding is not a secret and why the other namespace is named
scripts/check-secrets.mjs	127	80	CONTRACT	keep	type annotation only; kept
scripts/check-secrets.mjs	138	79	CONTRACT	rewrite	section marker, rule padding cut
scripts/check-secrets.mjs	151	80	CONTRACT	rewrite	section marker, rule padding cut
scripts/check-secrets.mjs	153	411	WHY	rewrite	the tell, in two lines; the module and the widening go to the history document
scripts/check-secrets.mjs	181	58	CONTRACT	keep	the other direction; one line already
scripts/check-secrets.mjs	191	80	CONTRACT	rewrite	section marker, rule padding cut
scripts/check-secrets.mjs	195	703	WHY	rewrite	why the exclusion set was removed rather than kept; the four names and the sweep go to the history document
scripts/check-secrets.mjs	209	48	CONTRACT	keep	type annotation only; kept
scripts/check-secrets.mjs	219	37	CONTRACT	keep	one line already; kept
scripts/check-secrets.mjs	220	21	CONTRACT	keep	type annotation only; kept
scripts/check-secrets.mjs	224	932	NUMBER	rewrite	why per root and why the small one is tight; the sweep, the measurement and the blind-zone figure go to the history document
scripts/check-secrets.mjs	245	23	CONTRACT	keep	type annotation only; kept
scripts/check-secrets.mjs	262	74	CONTRACT	keep	the other direction; one line already
scripts/check-secrets.mjs	278	161	WHY	keep	what the anchor refuses; two lines already
scripts/check-secrets.mjs	284	52	CONTRACT	keep	type annotation only; kept
scripts/check-secrets.mjs	291	532	WHY	rewrite	why strings go too, which is this file's own reason
scripts/check-secrets.mjs	313	302	WHY	rewrite	what makes the assertion below mean something, with its citation
scripts/check-secrets.mjs	332	273	CONTRACT	keep	why the rules are a function; already short
scripts/check-secrets.mjs	348	79	WHY	keep	what a stale entry becomes; one line already
scripts/check-secrets.mjs	354	1072	WHY	rewrite	why the self-test is synthetic rather than a fixture entry, with its citation; the ruling date goes to the history document
scripts/check-secrets.mjs	399	80	CONTRACT	rewrite	section marker, rule padding cut
scripts/check-secrets.mjs	401	1165	WHY	rewrite	why git is asked rather than the file read, and both directions
scripts/check-secrets.mjs	424	46	CONTRACT	keep	type annotation only; kept
scripts/check-secrets.mjs	430	68	CONTRACT	keep	what each status means; one line already
scripts/check-secrets.mjs	454	211	WHY	keep	why the placeholder is the tell; already short
scripts/check-secrets.mjs	476	76	CONTRACT	rewrite	section marker, rule padding cut
scripts/check-secrets.mjs	478	1793	WHY	rewrite	why they are not wrangler secrets, and why one assertion is conditional while the other is not; the credential names and the date go to the history document
scripts/check-secrets.mjs	528	209	WHY	rewrite	one helper, with its citation
scripts/check-secrets.mjs	538	334	CONTRACT	rewrite	the shape and why it is loose
scripts/check-secrets.mjs	545	662	WHY	rewrite	why no word boundary, proven by plant; the plant string and the file count go to the history document
scripts/check-secrets.mjs	556	1068	WHY	rewrite	what the lookbehind refuses and why; the file, the date and the sequence go to the history document
scripts/check-secrets.mjs	577	80	CONTRACT	keep	what is banned; one line already
scripts/check-secrets.mjs	594	62	CONTRACT	keep	one line already; kept
scripts/check-secrets.mjs	597	149	WHY	rewrite	the empty-needle class with its citation
scripts/check-secrets.mjs	634	630	NUMBER	rewrite	what this floors that a scope check cannot, and how the count steps; the measurements and their dates go to the history document
scripts/check-secrets.mjs	647	329	NUMBER	rewrite	chronology beside the constant; the dated readings and the tolerance arithmetic go to the history document
scripts/check-secrets.mjs	652	453	NUMBER	rewrite	why the number comes from the run; the dated reading and the gap arithmetic go to the history document
scripts/check-media.mjs	1	4249	CONTRACT	rewrite	the boundary and its one exception, the four directions, which way each repair runs and fail-closed; the manifest move, the ruling's principle and both dated incidents go to the history document
scripts/check-media.mjs	92	228	WHY	rewrite	why derived and why both buckets
scripts/check-media.mjs	97	235	CONTRACT	keep	why one quoted string; already short
scripts/check-media.mjs	113	171	CONTRACT	keep	what the projection is; already short
scripts/check-media.mjs	122	275	WHY	rewrite	why alt joins the projection; the nine false disagreements go to the history document
scripts/check-media.mjs	137	29	CONTRACT	keep	type annotation only; kept
scripts/check-media.mjs	146	605	WHY	rewrite	why a fixture is needed at all, and why it runs first
scripts/check-media.mjs	160	167	WHY	keep	why lazy; two lines already
scripts/check-media.mjs	192	190	CONTRACT	keep	why zeroes; two lines already
scripts/check-media.mjs	198	18	CONTRACT	keep	type annotation only; kept
scripts/check-media.mjs	199	23	CONTRACT	keep	type annotation only; kept
scripts/check-media.mjs	214	220	WHY	rewrite	what over-collection costs
scripts/check-media.mjs	227	72	WHY	keep	one line already; kept
scripts/check-media.mjs	247	83	CONTRACT	keep	type annotation only; kept
scripts/check-media.mjs	250	274	WHY	rewrite	why it is retried; the hung list and its timings go to the history document
scripts/check-media.mjs	264	155	WHY	keep	both sides must have found something; two lines already
scripts/check-media.mjs	276	1043	NUMBER	rewrite	what the zero-checks cannot see and why these floors are loose; the sweep, the measurement and its date go to the history document
scripts/check-media.mjs	295	21	CONTRACT	keep	type annotation only; kept
scripts/check-media.mjs	295	21	CONTRACT	keep	type annotation only; kept
scripts/check-media.mjs	295	21	CONTRACT	keep	type annotation only; kept
scripts/check-media.mjs	312	157	CONTRACT	keep	why the two sides speak the same strings; two lines already
scripts/check-media.mjs	316	23	CONTRACT	keep	type annotation only; kept
scripts/check-media.mjs	319	28	CONTRACT	keep	direction 1; one line already
scripts/check-media.mjs	328	45	CONTRACT	keep	direction 2; one line already
scripts/check-media.mjs	340	31	CONTRACT	keep	direction 3; one line already
scripts/check-media.mjs	349	30	CONTRACT	keep	direction 4; one line already
scripts/check-media.mjs	361	233	WHY	rewrite	what it stops and why it is cheap
scripts/check-media.mjs	364	23	CONTRACT	keep	type annotation only; kept
scripts/check-media.mjs	384	286	WHY	rewrite	what a drifted role hides
scripts/check-media.mjs	398	1751	WHY	rewrite	the disclosure, why the hash is not a defence and which half this is; the measured object, its bytes and the dates go to the history document
scripts/check-media.mjs	435	173	WHY	keep	what an empty read would report; already short
scripts/check-media.mjs	446	23	CONTRACT	keep	type annotation only; kept
scripts/check-media.mjs	473	2283	WHY	rewrite	the two halves, what each can see that the other cannot, and where the expected set comes from; the plant's date and its readings go to the history document
scripts/check-media.mjs	512	51	CONTRACT	keep	type annotation only; kept
scripts/check-media.mjs	522	460	WHY	rewrite	what empties the set and why a floor rather than a zero-check; the measurement goes to the history document
scripts/check-media.mjs	549	350	WHY	rewrite	why the deployed host and why GET
scripts/check-media.mjs	556	23	CONTRACT	keep	type annotation only; kept
scripts/check-media.mjs	565	130	WHY	keep	why the body is drained; two lines already
scripts/check-media.mjs	583	1371	WHY	rewrite	why nothing could see the drift, why the page still renders from the file, and why the pairs are extracted; the two strings and the date go to the history document
scripts/check-media.mjs	610	38	CONTRACT	keep	type annotation only; kept
scripts/check-media.mjs	627	297	NUMBER	rewrite	why floored rather than zero-checked; the count goes to the history document
scripts/check-media.mjs	642	23	CONTRACT	keep	type annotation only; kept
scripts/check-media.mjs	692	22	CONTRACT	keep	type annotation only; kept
scripts/check-fonts.mjs	1	3117	CONTRACT	rewrite	the hole, what it asserts, why the baseline and the boundary; the type-scale motivation, the opsz range and the overlap paragraph go to the history document
scripts/check-fonts.mjs	75	392	CONTRACT	rewrite	why the parameter is named ok, in two lines
scripts/check-fonts.mjs	95	233	CONTRACT	keep	which sheets are read and why both; already short
scripts/check-fonts.mjs	107	147	WHY	rewrite	the strip rule with its citation, in one line
scripts/check-fonts.mjs	116	143	CONTRACT	keep	type annotation only; kept
scripts/check-fonts.mjs	118	98	CONTRACT	keep	type annotation only; kept
scripts/check-fonts.mjs	126	50	CONTRACT	keep	type annotation only; kept
scripts/check-fonts.mjs	129	131	CONTRACT	keep	which url and what a fileless block is; two lines already
scripts/check-fonts.mjs	143	156	WHY	rewrite	why the scan is not limited to the face blocks
scripts/check-fonts.mjs	151	964	WHY	rewrite	why the levels need their own reader and why the family travels with the request; the two ranges go to the history document
scripts/check-fonts.mjs	174	661	WHY	rewrite	why a variant has no family of its own, and why it is not spelled out
scripts/check-fonts.mjs	193	321	WHY	rewrite	the tenth vacuity class and why the floors are low bars
scripts/check-fonts.mjs	199	599	WHY	rewrite	why split rather than filtered, and why the annotation is a double star
scripts/check-fonts.mjs	210	138	CONTRACT	keep	type annotation only; kept
scripts/check-fonts.mjs	212	28	CONTRACT	keep	type annotation only; kept
scripts/check-fonts.mjs	221	437	WHY	rewrite	why the skip is explicit and why the list is exact; the two names go to the history document
scripts/check-fonts.mjs	241	78	CONTRACT	keep	one line already; kept
scripts/check-fonts.mjs	258	61	CONTRACT	keep	one line already; kept
scripts/check-fonts.mjs	259	50	CONTRACT	keep	type annotation only; kept
scripts/check-fonts.mjs	261	27	CONTRACT	keep	type annotation only; kept
scripts/check-fonts.mjs	265	37	CONTRACT	keep	type annotation only; kept
scripts/check-fonts.mjs	270	698	WHY	rewrite	what a namespaced family is for and why the map polices itself
scripts/check-fonts.mjs	281	85	CONTRACT	keep	type annotation plus what the map maps; one line already
scripts/check-fonts.mjs	294	227	CONTRACT	keep	what the file calls itself; already short
scripts/check-fonts.mjs	359	221	WHY	keep	both directions of the self-policing; already short
scripts/check-fonts.mjs	375	212	WHY	rewrite	what a clamp looks like, in two lines
scripts/check-fonts.mjs	380	241	WHY	rewrite	the zero-scope arm and what the floor is for; the level count goes to the history document
scripts/check-fonts.mjs	392	244	CONTRACT	keep	what the indirection resolves to; already short
scripts/check-fonts.mjs	418	155	WHY	keep	the zero-scope class for an unresolvable family; two lines already
scripts/check-fonts.mjs	430	220	CONTRACT	keep	which faces a request is checked against; already short
scripts/check-fonts.mjs	456	2426	WHY	rewrite	why the cards are asserted here, which build is canonical and what was refused; both build strings, the ruling date and the outline measurement go to the history document
scripts/check-fonts.mjs	500	738	WHY	rewrite	why a token and not the first block; the serif's arrival and its date go to the history document
scripts/check-fonts.mjs	549	142	WHY	keep	what the baseline catches that the axes cannot; two lines already
scripts/check-fonts.mjs	553	27	CONTRACT	keep	type annotation only; kept
scripts/check-fonts.mjs	565	37	CONTRACT	keep	type annotation only; kept
scripts/check-fonts.mjs	585	947	NUMBER	rewrite	why measured by running and why the mode matters; both dated readings and the tolerance arithmetic go to the history document
scripts/check-backup.mjs	1	1930	CONTRACT	rewrite	the boundary, why per table, why the list is derived and what the media pull covers; the portfolio incident and the ruling reference go to the history document
scripts/check-backup.mjs	48	236	WHY	rewrite	why the other bucket is not pulled
scripts/check-backup.mjs	55	161	CONTRACT	keep	whose tables these are; two lines already
scripts/check-backup.mjs	63	207	WHY	rewrite	why both targets are worth running; the discovery goes to the history document
scripts/check-backup.mjs	69	284	CONTRACT	rewrite	why one quoted string, in two lines
scripts/check-backup.mjs	82	584	WHY	rewrite	what a head slice reported; the sibling gate's identical bug and the two CI runs go to the history document
scripts/check-backup.mjs	103	939	WHY	rewrite	why the UUID for remote and why the name for local; the error code and the CI observation go to the history document
scripts/check-backup.mjs	126	54	CONTRACT	keep	type annotation only; kept
scripts/check-backup.mjs	129	154	WHY	rewrite	why there is no fallback
scripts/check-backup.mjs	142	62	CONTRACT	keep	one line already; kept
scripts/check-backup.mjs	145	314	CONTRACT	rewrite	why virtual tables are excluded
scripts/check-backup.mjs	159	26	CONTRACT	keep	type annotation only; kept
scripts/check-backup.mjs	163	70	CONTRACT	keep	why comments are stripped; one line already
scripts/check-backup.mjs	180	483	CONTRACT	rewrite	why shadows are found by prefix
scripts/check-backup.mjs	192	243	WHY	rewrite	why this read is retried and what is not; both dates go to the history document
scripts/check-backup.mjs	203	129	CONTRACT	keep	why the throw is deliberate; two lines already
scripts/check-backup.mjs	216	53	CONTRACT	keep	type annotation only; kept
scripts/check-backup.mjs	220	544	WHY	rewrite	why one classifier and why the platform set stays here
scripts/check-backup.mjs	238	31	CONTRACT	keep	type annotation only; kept
scripts/check-backup.mjs	259	23	CONTRACT	keep	type annotation only; kept
scripts/check-backup.mjs	262	1139	NUMBER	rewrite	the blind spot in a both-directions comparison, and why the floors are structural; the sweep, the measurement and the counts go to the history document
scripts/check-backup.mjs	281	21	CONTRACT	keep	type annotation only; kept
scripts/check-backup.mjs	281	21	CONTRACT	keep	type annotation only; kept
scripts/check-backup.mjs	281	21	CONTRACT	keep	type annotation only; kept
scripts/check-backup.mjs	294	198	WHY	keep	what each direction means; already short
scripts/check-backup.mjs	319	23	CONTRACT	keep	type annotation only; kept
scripts/check-backup.mjs	322	396	CONTRACT	rewrite	why it was lifted out unchanged
scripts/check-backup.mjs	334	775	WHY	rewrite	why an export may be retried and why writes are not; the failing table, the date and the instance count go to the history document
scripts/check-backup.mjs	348	531	WHY	rewrite	the unfailable condition with its citation, and what the removed branch printed
scripts/check-backup.mjs	369	143	WHY	keep	why INSERTs are counted; two lines already
scripts/check-backup.mjs	375	1666	WHY	rewrite	the identity argument, why the cost was scheduling and why the bound; every timing goes to the history document
scripts/check-backup.mjs	407	70	CONTRACT	keep	type annotation only; kept
scripts/check-backup.mjs	422	247	WHY	rewrite	why the output is re-sorted
scripts/check-backup.mjs	434	412	WHY	rewrite	what the pool can fail at that the loop could not
scripts/check-backup.mjs	449	237	WHY	rewrite	why empty reports rather than fails
scripts/check-backup.mjs	458	540	NUMBER	rewrite	why the check above is the weakest form; the measured tables and their names go to the history document
scripts/check-backup.mjs	479	1347	WHY	rewrite	why it is here rather than a second script, and why remote only; the ruling reference goes to the history document
scripts/check-backup.mjs	545	22	CONTRACT	keep	type annotation only; kept
scripts/lib/child-processes.mjs	1	3121	CONTRACT	rewrite	the two kill shapes, why a registry and not a sweep, what the port probe adds and the pid-reuse rule; every process count goes to the history document
scripts/lib/child-processes.mjs	67	417	CONTRACT	rewrite	why one normalised form
scripts/lib/child-processes.mjs	81	613	CONTRACT	rewrite	why this source and what an empty map means
scripts/lib/child-processes.mjs	96	61	CONTRACT	keep	type annotation only; kept
scripts/lib/child-processes.mjs	121	185	WHY	rewrite	why an unreadable command line still gets an entry
scripts/lib/child-processes.mjs	143	719	CONTRACT	rewrite	when it is used and what recording only the spawned pid would record
scripts/lib/child-processes.mjs	159	23	CONTRACT	keep	type annotation only; kept
scripts/lib/child-processes.mjs	162	134	WHY	rewrite	why the walk is bounded
scripts/lib/child-processes.mjs	165	23	CONTRACT	keep	type annotation only; kept
scripts/lib/child-processes.mjs	179	743	WHY	rewrite	why a snapshot is not enough and why EPERM is positive; the replay's date goes to the history document
scripts/lib/child-processes.mjs	201	36	CONTRACT	keep	type annotation only; kept
scripts/lib/child-processes.mjs	205	1656	WHY	rewrite	why the probe exists beside the registry, the protocol gotcha and the three states; the measured run and its pid go to the history document
scripts/lib/child-processes.mjs	240	26	CONTRACT	keep	type annotation only; kept
scripts/lib/child-processes.mjs	247	56	CONTRACT	keep	the sample line the parse is written against; one line already
scripts/lib/child-processes.mjs	252	149	WHY	rewrite	why the last colon, in two lines
scripts/lib/child-processes.mjs	265	220	WHY	rewrite	which exit is an answer and which is unverifiable
scripts/lib/child-processes.mjs	277	431	CONTRACT	rewrite	which flag is load-bearing and why
scripts/lib/child-processes.mjs	294	135	CONTRACT	keep	what the negative pid needs; two lines already
scripts/lib/child-processes.mjs	303	292	WHY	rewrite	why append-per-line rather than rewrite-at-exit
scripts/lib/child-processes.mjs	311	31	CONTRACT	keep	type annotation only; kept
scripts/lib/child-processes.mjs	316	459	CONTRACT	rewrite	what a needle must be and why
scripts/lib/child-processes.mjs	333	178	WHY	rewrite	what a failed write may and may not cost
scripts/lib/child-processes.mjs	339	68	CONTRACT	keep	type annotation only; kept
scripts/lib/child-processes.mjs	361	22	CONTRACT	keep	one line already; kept
scripts/lib/child-processes.mjs	365	970	CONTRACT	keep	the four outcomes, which is the contract; already at the column limit
scripts/lib/child-processes.mjs	393	23	CONTRACT	keep	type annotation only; kept
scripts/lib/child-processes.mjs	403	208	WHY	rewrite	why unverifiable entries are kept rather than killed
scripts/lib/child-processes.mjs	415	222	WHY	rewrite	why the two states share a label
scripts/lib/child-processes.mjs	443	1458	CONTRACT	rewrite	what it refuses, why by command line and why an unreadable one is safe; the EBUSY incident and its date go to the history document
scripts/lib/child-processes.mjs	475	51	CONTRACT	keep	type annotation only; kept
scripts/lib/child-processes.mjs	489	794	WHY	rewrite	why the list lives here and why the needle is the shorter one; the measured holder and the file reference go to the history document
scripts/check-urls.mjs	1	1747	CONTRACT	rewrite	the boundary, the two levels and the permanent negatives; the finding, the ruling reference and the import argument go to the history document
scripts/check-urls.mjs	55	74	WHY	keep	one line already; kept
scripts/check-urls.mjs	62	383	CONTRACT	keep	the fixture's shape; type annotation only
scripts/check-urls.mjs	74	73	CONTRACT	keep	type annotation only; kept
scripts/check-urls.mjs	83	170	CONTRACT	rewrite	section marker, rule padding cut
scripts/check-urls.mjs	94	396	WHY	rewrite	why code points and not escapes; the three corruptions go to the history document
scripts/check-urls.mjs	110	181	CONTRACT	rewrite	section marker, rule padding cut
scripts/check-urls.mjs	114	82	CONTRACT	keep	one line already; kept
scripts/check-urls.mjs	122	37	CONTRACT	keep	type annotation only; kept
scripts/check-urls.mjs	145	143	WHY	keep	why any attribute and not just the href; two lines already
scripts/check-urls.mjs	152	149	WHY	keep	visible, not silent; two lines already
scripts/check-urls.mjs	156	143	CONTRACT	keep	what the scope is; one line already
scripts/check-urls.mjs	164	827	CONTRACT	rewrite	why the schema is the only thing in that path; the findings and the accepted protocols go to the history document
scripts/check-urls.mjs	181	50	CONTRACT	keep	type annotation only; kept
scripts/check-urls.mjs	213	1826	WHY	rewrite	why behaviour is not enough, what came apart and why comments are stripped; the dated instance and the list of victims go to the history document
scripts/check-urls.mjs	246	186	WHY	keep	fail closed on the stripper itself; already short
scripts/check-urls.mjs	255	46	CONTRACT	keep	type annotation only; kept
scripts/check-urls.mjs	267	98	WHY	keep	fail closed on a block that stopped parsing; two lines already
scripts/check-urls.mjs	283	112	WHY	keep	one definition, so it is a fact rather than agreement; two lines already
scripts/check-urls.mjs	291	1868	CONTRACT	rewrite	the two failures, why it is this gate's to own and why it reads the corpus; the ruling reference and the post count go to the history document
scripts/check-urls.mjs	331	48	CONTRACT	keep	type annotation only; kept
scripts/check-urls.mjs	335	1180	WHY	rewrite	why a second file, and why it is not two owners, with its citation
scripts/check-urls.mjs	362	34	CONTRACT	keep	type annotation only; kept
scripts/check-urls.mjs	391	301	WHY	rewrite	why a malformed post is reported rather than skipped
scripts/check-urls.mjs	399	64	CONTRACT	keep	type annotation only; kept
scripts/check-urls.mjs	411	314	WHY	rewrite	the three conditions and why it cannot be softened, with its citation
scripts/check-urls.mjs	468	205	WHY	keep	the data half against the code half; already short
scripts/check-urls.mjs	486	254	WHY	rewrite	what each negative is for
scripts/check-urls.mjs	527	496	WHY	rewrite	why by position and why comments are stripped
scripts/check-urls.mjs	571	204	CONTRACT	rewrite	section marker, rule padding cut
scripts/check-urls.mjs	582	63	WHY	keep	both fields; one line already
scripts/check-urls.mjs	607	1229	NUMBER	rewrite	why a fixture-driven gate needs this floor and why the slack is small, with its citation; both measurements and the rotted sentence go to the history document
scripts/check-destructive.mjs	1	2134	CONTRACT	rewrite	the boundary, why a class rather than three assertions, and the completeness half; the audit's three paths go to the history document
scripts/check-destructive.mjs	49	59	CONTRACT	keep	one line already; kept
scripts/check-destructive.mjs	52	166	CONTRACT	keep	what destructive means here; two lines already
scripts/check-destructive.mjs	61	398	WHY	rewrite	why these two are destructive; the reclassification date goes to the history document
scripts/check-destructive.mjs	70	527	WHY	rewrite	why these are the first with no recovery path, with its citation; the date goes to the history document
scripts/check-destructive.mjs	84	162	WHY	keep	why an entry carries its reason; two lines already
scripts/check-destructive.mjs	119	460	WHY	rewrite	the boundary the detector cannot cross
scripts/check-destructive.mjs	131	445	CONTRACT	rewrite	why condition first, and what a label-first call does
scripts/check-destructive.mjs	150	110	CONTRACT	keep	what it blanks and what it preserves; one line already
scripts/check-destructive.mjs	181	213	CONTRACT	keep	why the delimiters are kept; already short
scripts/check-destructive.mjs	193	45	CONTRACT	keep	type annotation only; kept
scripts/check-destructive.mjs	220	59	CONTRACT	keep	one line already; kept
scripts/check-destructive.mjs	230	145	CONTRACT	keep	what the vocabulary is; two lines already
scripts/check-destructive.mjs	240	588	WHY	rewrite	why the smallest branch; the intent's name and the sibling gate's mistake go to the history document
scripts/check-destructive.mjs	250	52	CONTRACT	keep	type annotation only; kept
scripts/check-destructive.mjs	253	515	WHY	rewrite	why offsets come from one text and matching from the other; the vacuous run goes to the history document
scripts/check-destructive.mjs	300	261	WHY	keep	both directions of completeness; already short
scripts/check-destructive.mjs	326	82	CONTRACT	rewrite	section marker, rule padding cut
scripts/check-destructive.mjs	328	1686	WHY	rewrite	why the detector was blind, the recurring class, and why a policy rather than a typed confirmation; the tool name and the date go to the history document
scripts/check-destructive.mjs	363	74	CONTRACT	keep	where the names come from; one line already
scripts/check-destructive.mjs	374	182	WHY	rewrite	the zero-scope arm; the measurement goes to the history document
scripts/check-destructive.mjs	385	151	CONTRACT	keep	why these two; two lines already
scripts/check-destructive.mjs	391	77	WHY	keep	why an entry carries its reason; one line already
scripts/check-destructive.mjs	444	283	WHY	rewrite	why comments are left in place here
scripts/check-destructive.mjs	470	902	WHY	rewrite	what the guarantee is worth, why whole-source and why comments are stripped; the ruling reference goes to the history document
scripts/check-destructive.mjs	488	46	CONTRACT	keep	type annotation only; kept
scripts/check-destructive.mjs	491	23	CONTRACT	keep	type annotation only; kept
scripts/check-destructive.mjs	505	344	CONTRACT	rewrite	why a window rather than co-occurrence
scripts/check-destructive.mjs	516	23	CONTRACT	keep	type annotation only; kept
scripts/check-destructive.mjs	526	365	WHY	rewrite	why the control runs first
scripts/check-destructive.mjs	550	630	WHY	rewrite	why this file is excluded and why the exclusion is named; the measured run goes to the history document
scripts/check-destructive.mjs	569	142	WHY	keep	the zero-scope arm; two lines already
scripts/check-destructive.mjs	580	23	CONTRACT	keep	type annotation only; kept
scripts/check-destructive.mjs	591	197	WHY	rewrite	what a zero here would mean
scripts/check-destructive.mjs	615	1335	NUMBER	rewrite	why the floor is not raised on every addition, and what finally raised it; three dated re-measurements and their counts go to the history document
scripts/check-floors.mjs	1	3667	CONTRACT	rewrite	why it exists, how it measures, why a pipe is not a log, the per-branch naming and both boundary halves; the drift figures and the timings go to the history document
scripts/check-floors.mjs	86	1442	NUMBER	rewrite	why a percentage, why a flat minimum and why they combine as a maximum; the named example and its rotted count go to the history document
scripts/check-floors.mjs	116	21	CONTRACT	keep	type annotation only; kept
scripts/check-floors.mjs	119	510	CONTRACT	rewrite	what the map buys, in two lines
scripts/check-floors.mjs	133	199	CONTRACT	keep	why it is unfloored and which tier; already short
scripts/check-floors.mjs	139	287	CONTRACT	rewrite	which tier it is actually on, and what its floors are
scripts/check-floors.mjs	147	379	CONTRACT	rewrite	why a delegating gate emits nothing to read
scripts/check-floors.mjs	155	405	CONTRACT	rewrite	why a volatile scope floor reads as drift and is not; the measurement goes to the history document
scripts/check-floors.mjs	165	105	CONTRACT	keep	what the map is; already short
scripts/check-floors.mjs	171	553	CONTRACT	rewrite	the recursion and why nothing is lost
scripts/check-floors.mjs	191	80	CONTRACT	keep	type annotation only; kept
scripts/check-floors.mjs	200	186	CONTRACT	keep	why the list is derived; already short
scripts/check-floors.mjs	205	536	WHY	rewrite	why the tier restriction is correctness rather than speed
scripts/check-floors.mjs	217	558	WHY	rewrite	why CI is narrower and why it is detected rather than flagged; the five gate names go to the history document
scripts/check-floors.mjs	231	393	CONTRACT	rewrite	why the name comes off the line
scripts/check-floors.mjs	256	1362	WHY	rewrite	why the pipe is the default, why the gate list must travel with it and why it is not the rejected shape; the timing goes to the history document
scripts/check-floors.mjs	286	82	CONTRACT	keep	type annotation only; kept
scripts/check-floors.mjs	288	23	CONTRACT	keep	type annotation only; kept
scripts/check-floors.mjs	290	23	CONTRACT	keep	type annotation only; kept
scripts/check-floors.mjs	346	499	WHY	rewrite	why a failed gate contributes nothing, and why the pipe path needs no equivalent
scripts/check-floors.mjs	372	282	CONTRACT	rewrite	what the dedupe key is and why it is safe
scripts/check-floors.mjs	378	93	CONTRACT	keep	type annotation only; kept
scripts/check-floors.mjs	416	83	CONTRACT	rewrite	section marker, rule padding cut
scripts/check-floors.mjs	418	365	NUMBER	rewrite	why this floor is on lines read rather than assertions; the measurement and its date go to the history document
scripts/check-floors.mjs	428	281	NUMBER	rewrite	why the CI branch reads fewer and how it was measured
scripts/sync-content.mjs	1	2091	CONTRACT	rewrite	what it writes, that it runs no gate, why that is not wired in and the bulk-path shape; the false claim's two halves and the batch note go to the history document
scripts/sync-content.mjs	55	57	CONTRACT	keep	one line already; kept
scripts/sync-content.mjs	58	87	CONTRACT	keep	one line already; kept
scripts/sync-content.mjs	67	35	CONTRACT	keep	type annotation only; kept
scripts/sync-content.mjs	72	73	CONTRACT	keep	one line already; kept
scripts/sync-content.mjs	77	23	CONTRACT	keep	type annotation only; kept
scripts/sync-content.mjs	80	151	WHY	keep	why the delete is scoped; two lines already
scripts/sync-content.mjs	92	420	WHY	rewrite	why the rule is applied here rather than in the build product
scripts/sync-content.mjs	98	781	WHY	rewrite	the two rules in one predicate, and why the null matters beyond tidiness; the date goes to the history document
scripts/sync-content.mjs	117	286	WHY	rewrite	who owns the rule and what stays here
scripts/sync-content.mjs	152	131	WHY	keep	why tags are additive; two lines already
scripts/sync-content.mjs	172	506	WHY	rewrite	why wholesale here and scoped in the editor
scripts/sync-content.mjs	184	205	CONTRACT	keep	why it is deduped here; already short
scripts/sync-content.mjs	197	74	CONTRACT	keep	one line already; kept
scripts/sync-content.mjs	203	407	CONTRACT	rewrite	why replaced outright and why both indexes are rebuilt
scripts/sync-content.mjs	214	23	CONTRACT	keep	type annotation only; kept
scripts/sync-content.mjs	237	267	CONTRACT	keep	why one command string; already short
scripts/sync-content.mjs	252	1901	WHY	rewrite	the named exemption and why all three; the ruling date and the per-file statement list go to the history document
scripts/sync-content.mjs	291	47	CONTRACT	keep	type annotation only; kept
scripts/sync-content.mjs	297	67	CONTRACT	keep	why the throw; one line already
scripts/sync-content.mjs	304	66	CONTRACT	keep	one line already; kept
scripts/sync-content.mjs	320	2126	CONTRACT	rewrite	the five classes, why the write still runs and why a failed read throws; the ruling reference goes to the history document
scripts/sync-content.mjs	356	23	CONTRACT	keep	type annotation only; kept
scripts/sync-content.mjs	369	96	CONTRACT	keep	type annotation only; kept
scripts/sync-content.mjs	373	18	CONTRACT	keep	type annotation only; kept
scripts/sync-content.mjs	399	67	CONTRACT	keep	who reads this line; one line already
scripts/sync-content.mjs	406	136	CONTRACT	keep	why the path is computed; two lines already
scripts/sync-content.mjs	423	641	WHY	rewrite	why the file is the source and why the decode is explicit; the seeded row's history goes to the history document
scripts/sync-content.mjs	458	229	WHY	keep	why it is its own file; already short
scripts/sync-content.mjs	474	583	WHY	rewrite	why the shadow table is the only count that can fail; the measured reading goes to the history document
scripts/sync-content.mjs	514	306	WHY	rewrite	the same trap on the other index
scripts/sync-content.mjs	531	369	WHY	rewrite	why nonzero comes last
scripts/sync-content.mjs	552	22	CONTRACT	keep	type annotation only; kept
scripts/check-image-weight.mjs	2	5145	CONTRACT	rewrite	the four assertions, why no thresholds, why bytes per pixel, why delivered dimensions and why two floors; the defect's byte table, the ladder table and the dated measurements go to the history document
scripts/check-image-weight.mjs	108	27	CONTRACT	keep	type annotation only; kept
scripts/check-image-weight.mjs	116	468	CONTRACT	rewrite	why D1 holds the key set and why one command string
scripts/check-image-weight.mjs	142	199	WHY	keep	why trashed rows are excluded; two lines already
scripts/check-image-weight.mjs	155	559	WHY	rewrite	why it is not narrowed to one tier
scripts/check-image-weight.mjs	173	739	CONTRACT	rewrite	what decides the verdict and why the mime column cannot
scripts/check-image-weight.mjs	230	134	CONTRACT	keep	which chunks carry no verdict, and the padding; two lines already
scripts/check-image-weight.mjs	237	546	CONTRACT	keep	why the function is pure; already at the column limit
scripts/check-image-weight.mjs	250	23	CONTRACT	keep	type annotation only; kept
scripts/check-image-weight.mjs	253	26	CONTRACT	keep	assertion 1; one line already
scripts/check-image-weight.mjs	264	69	CONTRACT	keep	assertion 2; one line already
scripts/check-image-weight.mjs	272	152	WHY	keep	why equal pixel counts are skipped; two lines already
scripts/check-image-weight.mjs	287	52	CONTRACT	keep	assertion 3; one line already
scripts/check-image-weight.mjs	289	42	CONTRACT	keep	type annotation only; kept
scripts/check-image-weight.mjs	305	1891	CONTRACT	rewrite	the two artifacts, why pure and why the chunk type rather than a ceiling; the second call site and the ratio go to the history document
scripts/check-image-weight.mjs	345	23	CONTRACT	keep	type annotation only; kept
scripts/check-image-weight.mjs	371	26	CONTRACT	keep	type annotation only; kept
scripts/check-image-weight.mjs	394	23	CONTRACT	keep	type annotation only; kept
scripts/check-image-weight.mjs	396	23	CONTRACT	keep	type annotation only; kept
scripts/check-image-weight.mjs	409	299	WHY	rewrite	why a lossless origin is skipped
scripts/check-image-weight.mjs	422	108	CONTRACT	keep	type annotation only; kept
scripts/check-image-weight.mjs	460	296	WHY	rewrite	what an empty sweep prints
scripts/check-image-weight.mjs	476	313	CONTRACT	rewrite	section marker plus why the bytes are the stored ones
scripts/check-image-weight.mjs	499	377	WHY	rewrite	why the ladder's floor does not cover this
scripts/check-image-weight.mjs	527	55	CONTRACT	keep	why it is importable; one line already
scripts/check-migrations.mjs	1	2934	CONTRACT	rewrite	both boundary halves, why normalized content and why rule 12 cannot be satisfied; the CRLF discovery and the backlog reference go to the history document
scripts/check-migrations.mjs	76	310	NUMBER	rewrite	what the floor protects; both dated counts go to the history document
scripts/check-migrations.mjs	87	80	CONTRACT	keep	type annotation only; kept
scripts/check-migrations.mjs	96	362	CONTRACT	rewrite	why normalized, in two lines
scripts/check-migrations.mjs	113	79	CONTRACT	rewrite	section marker, rule padding cut
scripts/check-migrations.mjs	124	577	WHY	rewrite	why this scope floor is in the meta-gate and why it still exits hard, with its citation
scripts/check-migrations.mjs	149	79	CONTRACT	rewrite	section marker, rule padding cut
scripts/check-migrations.mjs	152	37	CONTRACT	keep	type annotation only; kept
scripts/check-migrations.mjs	154	37	CONTRACT	keep	type annotation only; kept
scripts/check-migrations.mjs	162	327	WHY	rewrite	why a changed hash needs a flag and a new file does not
scripts/check-migrations.mjs	185	79	CONTRACT	rewrite	section marker, rule padding cut
scripts/check-migrations.mjs	198	49	CONTRACT	keep	type annotation only; kept
scripts/check-migrations.mjs	213	76	CONTRACT	keep	direction 1; one line already
scripts/check-migrations.mjs	235	56	CONTRACT	keep	direction 2; one line already
scripts/check-migrations.mjs	252	81	CONTRACT	rewrite	section marker, rule padding cut
scripts/check-migrations.mjs	254	1457	WHY	rewrite	why the obligation exists, why it lives in this gate and the boundary; the window number, the migration's name and the lag go to the history document
scripts/check-migrations.mjs	280	93	CONTRACT	keep	one owner; one line already
scripts/check-migrations.mjs	292	155	WHY	keep	the prose trap and its victims; two lines already
scripts/check-migrations.mjs	328	323	WHY	rewrite	why position and why the crudeness is right
scripts/check-migrations.mjs	352	80	CONTRACT	rewrite	section marker, rule padding cut
scripts/check-migrations.mjs	354	3038	WHY	rewrite	why the blind spot was structural, why read directly, the three states and why names; the lag's duration goes to the history document
scripts/check-migrations.mjs	411	88	CONTRACT	keep	what it answers and what null means; one line already
scripts/check-migrations.mjs	448	167	WHY	keep	the zero-scope arm; two lines already
scripts/check-migrations.mjs	472	1037	NUMBER	rewrite	what this floors that the scope floor cannot, and why the environment matters, with its citation; both measured counts go to the history document
scripts/lib/uptimerobot.mjs	1	2510	CONTRACT	rewrite	why one module, that the contract was measured from the API, and the rate limit; the verbatim validation errors and the endpoint inventory go to the history document
scripts/lib/uptimerobot.mjs	50	20	CONTRACT	keep	one line already; kept
scripts/lib/uptimerobot.mjs	53	524	WHY	rewrite	why the constant is here and why beside its consumers
scripts/lib/uptimerobot.mjs	71	511	WHY	rewrite	why not-paused rather than up
scripts/lib/uptimerobot.mjs	83	479	CONTRACT	rewrite	what a failure may report
scripts/lib/uptimerobot.mjs	110	75	CONTRACT	keep	one line already; kept
scripts/lib/uptimerobot.mjs	115	498	WHY	rewrite	what a first-page read would conclude in each direction
scripts/lib/uptimerobot.mjs	142	1321	WHY	rewrite	that the two views are independent, and which direction is dangerous; the polling timeline and the date go to the history document
scripts/lib/uptimerobot.mjs	180	1534	WHY	rewrite	who owns the host, why the keyword is the longer string and that the status code is a second signal; the body shapes go to the history document
scripts/lib/uptimerobot.mjs	217	610	WHY	rewrite	why the trailing slash matters; the dry-run output and its date go to the history document
scripts/lib/uptimerobot.mjs	231	376	WHY	rewrite	why the two monitors differ here
scripts/lib/uptimerobot.mjs	259	458	WHY	rewrite	why a subset; the example field names go to the history document
scripts/lib/uptimerobot.mjs	278	1421	WHY	rewrite	the asymmetry, what it costs each consumer and that both values were measured; the field names, the values and the dates go to the history document
scripts/lib/uptimerobot.mjs	311	451	CONTRACT	rewrite	one function for both consumers, with its citation
scripts/lib/uptimerobot.mjs	323	54	CONTRACT	keep	type annotation only; kept
scripts/lib/uptimerobot.mjs	325	211	WHY	rewrite	why unchanged rather than undefined, with its citation
scripts/lib/uptimerobot.mjs	331	212	CONTRACT	keep	what it answers; already short
scripts/lib/route-render.mjs	1	1494	CONTRACT	rewrite	why it exists, what the stubbing limits it to and what the second consumer brought; the redesign framing goes to the history document
scripts/lib/route-render.mjs	38	367	WHY	rewrite	why it is exported and why it is implausible
scripts/lib/route-render.mjs	48	164	CONTRACT	keep	how the alias resolves; two lines already
scripts/lib/route-render.mjs	62	495	CONTRACT	rewrite	why the stub is CJS
scripts/lib/route-render.mjs	75	304	WHY	rewrite	why inside the repo
scripts/lib/route-render.mjs	83	39	CONTRACT	keep	type annotation only; kept
scripts/lib/route-render.mjs	87	131	CONTRACT	keep	which surfaces are stubbed; two lines already
scripts/lib/route-render.mjs	97	127	CONTRACT	keep	why the specifier still needs resolving; two lines already
scripts/lib/route-render.mjs	104	1175	WHY	rewrite	why esbuild refuses it, why not a build product and what the sentinel costs
scripts/lib/route-render.mjs	139	149	CONTRACT	keep	why they stay external; two lines already
scripts/lib/route-render.mjs	145	287	CONTRACT	keep	why the banner is needed; already short
scripts/lib/route-render.mjs	164	397	CONTRACT	keep	what the options are; already short
scripts/lib/route-render.mjs	178	18	CONTRACT	keep	type annotation only; kept
scripts/lib/route-render.mjs	188	1015	WHY	rewrite	why client state must be seedable and why not through loader data; the session reference goes to the history document
scripts/lib/route-render.mjs	212	18	CONTRACT	keep	type annotation only; kept
scripts/lib/route-render.mjs	216	68	CONTRACT	keep	type annotation only; kept
scripts/lib/route-render.mjs	218	44	CONTRACT	keep	type annotation only; kept
scripts/lib/route-render.mjs	223	548	CONTRACT	rewrite	which fields are contractual and why the rest are not
scripts/lib/route-render.mjs	235	763	CONTRACT	rewrite	what a form's identity is and why disabled controls are excluded
scripts/lib/route-render.mjs	252	90	CONTRACT	keep	type annotation only; kept
scripts/lib/route-render.mjs	255	453	WHY	rewrite	why the attribute comes first and why a flat scan suffices
scripts/lib/route-render.mjs	261	78	CONTRACT	keep	type annotation only; kept
scripts/lib/route-render.mjs	274	98	CONTRACT	keep	type annotation only; kept
scripts/lib/route-render.mjs	289	23	CONTRACT	keep	type annotation only; kept
scripts/lib/route-render.mjs	294	187	WHY	keep	why disabled controls are skipped; already short
scripts/lib/route-render.mjs	302	379	WHY	rewrite	why an unchecked box is what makes the field honest
scripts/lib/route-render.mjs	309	1049	WHY	rewrite	why the split is by name, and what a valueless checkbox sends
scripts/lib/route-render.mjs	333	23	CONTRACT	keep	type annotation only; kept
scripts/lib/route-render.mjs	344	71	CONTRACT	keep	one line already; kept
scripts/lib/route-render.mjs	353	127	CONTRACT	keep	one line already; kept
scripts/lib/route-render.mjs	358	435	WHY	rewrite	why distinct
scripts/check-hook-scope.mjs	1	2392	CONTRACT	rewrite	why a scope change is the dangerous edit, why the cases are paired, the boundary and why the interpreter is resolved; the ruling number, the ENOENT run and the deleted gate go to the history document
scripts/check-hook-scope.mjs	65	80	CONTRACT	keep	type annotation only; kept
scripts/check-hook-scope.mjs	80	451	WHY	rewrite	why the resolution is a precondition rather than per case
scripts/check-hook-scope.mjs	95	344	CONTRACT	rewrite	why the path gets its own const
scripts/check-hook-scope.mjs	105	371	CONTRACT	rewrite	what cwd is and what moves the command
scripts/check-hook-scope.mjs	131	428	CONTRACT	rewrite	why the parent directory is derived; the case count and the sibling's name go to the history document
scripts/check-hook-scope.mjs	161	790	WHY	rewrite	why the return path is derived, and what a fixture about the checkout's name asserts; the catching gate and the run go to the history document
scripts/check-hook-scope.mjs	226	351	WHY	rewrite	the pairing rule, stated once for every pair below
scripts/check-hook-scope.mjs	242	580	WHY	rewrite	what the semicolon did, in two lines; the exit code and the arm's message go to the history document
scripts/check-hook-scope.mjs	262	310	WHY	rewrite	the pair, on the first pair's grounds
scripts/check-hook-scope.mjs	278	354	WHY	rewrite	why refusing a read is still wrong
scripts/check-hook-scope.mjs	294	538	WHY	rewrite	what an unresolvable path was read as, and why home; the ruling number goes to the history document
scripts/check-hook-scope.mjs	313	385	WHY	rewrite	the unsafe way to implement the loosening
scripts/check-hook-scope.mjs	328	1087	WHY	rewrite	why the word boundary failed, and why folding alone was not enough; every measured bypass and the date go to the history document
scripts/check-hook-scope.mjs	359	238	WHY	rewrite	why widening the name must not widen the scope
scripts/check-hook-scope.mjs	392	326	WHY	rewrite	two owners of one needle, and what it cost
scripts/check-hook-scope.mjs	408	365	WHY	rewrite	why over-blocking is the cheapest wrong fix, and why the flag is not folded
scripts/check-hook-scope.mjs	428	244	WHY	rewrite	why passes are printed too
scripts/check-hook-scope.mjs	443	550	NUMBER	rewrite	why a one-array gate needs this floor and why slack is zero; three dated counts go to the history document
scripts/lib/tokens.mjs	1	811	CONTRACT	rewrite	what it is for and why check:contrast keeps its own copy
scripts/lib/tokens.mjs	23	303	CONTRACT	rewrite	why the token block stayed put; the split's date goes to the history document
scripts/lib/tokens.mjs	32	984	WHY	rewrite	why both entries must be followed, and that the floor caught it again; the two counts and the dates go to the history document
scripts/lib/tokens.mjs	52	404	CONTRACT	rewrite	why this module is the source of the public order; the previous location goes to the history document
scripts/lib/tokens.mjs	63	2364	CONTRACT	rewrite	why it exists, why derived, why imports come first; three narrowings, their counts and the Tailwind history go to the history document
scripts/lib/tokens.mjs	108	23	CONTRACT	keep	type annotation only; kept
scripts/lib/tokens.mjs	111	27	CONTRACT	keep	type annotation only; kept
scripts/lib/tokens.mjs	120	178	CONTRACT	keep	where the public cascade is read from; already short
scripts/lib/tokens.mjs	125	549	CONTRACT	rewrite	why both import forms
scripts/lib/tokens.mjs	155	905	WHY	rewrite	why route sheets are included and what is and is not claimed about order
scripts/lib/tokens.mjs	171	463	WHY	rewrite	why every module and not only routes
scripts/lib/tokens.mjs	180	46	CONTRACT	keep	type annotation only; kept
scripts/lib/tokens.mjs	188	399	WHY	rewrite	why the admin entry is placed by hand
scripts/lib/tokens.mjs	209	265	CONTRACT	keep	fail closed on a missing file; already short
scripts/lib/tokens.mjs	222	155	CONTRACT	keep	why one of them is a :not(); two lines already
scripts/lib/tokens.mjs	232	712	CONTRACT	rewrite	the two traps, both already paid for once
scripts/lib/tokens.mjs	260	37	CONTRACT	keep	type annotation only; kept
scripts/lib/tokens.mjs	265	69	WHY	keep	the zero-scope rule; one line already
scripts/lib/tokens.mjs	270	576	CONTRACT	rewrite	both fail-closed directions
scripts/lib/tokens.mjs	284	37	CONTRACT	keep	type annotation only; kept
scripts/lib/tokens.mjs	299	325	CONTRACT	rewrite	why normalisation is needed
scripts/check-charts.mjs	1	2367	CONTRACT	rewrite	the boundary, the four assertions and the scope note; the shiki incident and the corpus-gate aside go to the history document
scripts/check-charts.mjs	62	83	CONTRACT	keep	where the number comes from; one line already
scripts/check-charts.mjs	64	81	CONTRACT	keep	where the number comes from; one line already
scripts/check-charts.mjs	70	50	CONTRACT	keep	type annotation only; kept
scripts/check-charts.mjs	80	423	CONTRACT	rewrite	why every rule has a paired negative
scripts/check-charts.mjs	111	212	CONTRACT	keep	why both shapes; already short
scripts/check-charts.mjs	129	20	CONTRACT	keep	type annotation only; kept
scripts/check-charts.mjs	132	64	CONTRACT	keep	one line already; kept
scripts/check-charts.mjs	133	18	CONTRACT	keep	type annotation only; kept
scripts/check-charts.mjs	137	28	CONTRACT	keep	type annotation only; kept
scripts/check-charts.mjs	140	81	CONTRACT	keep	one line already; kept
scripts/check-charts.mjs	145	143	CONTRACT	keep	why the same file; two lines already
scripts/check-charts.mjs	152	83	CONTRACT	keep	one line already; kept
scripts/check-charts.mjs	182	129	CONTRACT	keep	why the same conditions; two lines already
scripts/check-charts.mjs	190	253	WHY	keep	which comments come out first and why; already short
scripts/check-charts.mjs	194	599	WHY	rewrite	why weak is required and why weak is sufficient; the measurement goes to the history document
scripts/check-charts.mjs	211	771	WHY	rewrite	why the converter rather than hand-built options; the version, the error and the date go to the history document
scripts/check-charts.mjs	235	23	CONTRACT	keep	type annotation only; kept
scripts/check-charts.mjs	245	986	NUMBER	rewrite	what an empty list would make agree, why input and output floors differ, and why exact here
scripts/check-charts.mjs	269	30	CONTRACT	keep	assertion 1; one line already
scripts/check-charts.mjs	270	23	CONTRACT	keep	type annotation only; kept
scripts/check-charts.mjs	273	26	CONTRACT	keep	type annotation only; kept
scripts/check-charts.mjs	284	36	CONTRACT	keep	assertion 2; one line already
scripts/check-charts.mjs	287	23	CONTRACT	keep	type annotation only; kept
scripts/check-charts.mjs	297	48	CONTRACT	keep	assertion 3; one line already
scripts/check-charts.mjs	308	29	CONTRACT	keep	assertion 4; one line already
scripts/check-charts.mjs	318	217	WHY	rewrite	why the name is on the SVG
scripts/check-charts.mjs	341	272	WHY	rewrite	why the internal names must not surface
scripts/check-charts.mjs	351	158	CONTRACT	keep	why the arrow is optional; two lines already
scripts/check-charts.mjs	368	58	CONTRACT	keep	the ruled rule; one line already
scripts/check-charts.mjs	384	67	CONTRACT	keep	one line already; kept
scripts/check-charts.mjs	389	63	CONTRACT	keep	assertion 5; one line already
scripts/check-charts.mjs	435	82	CONTRACT	keep	assertion 6; one line already
scripts/check-charts.mjs	459	66	CONTRACT	keep	assertion 7; one line already
scripts/check-charts.mjs	470	276	WHY	rewrite	what an unhandled directive renders as; the ruling date goes to the history document
scripts/check-charts.mjs	475	21	CONTRACT	keep	type annotation only; kept
scripts/check-charts.mjs	498	105	WHY	keep	why the advertised escape must work; two lines already
scripts/check-charts.mjs	504	853	WHY	rewrite	why two assertions rather than one adjacency; the date and the old pattern go to the history document
scripts/check-charts.mjs	530	742	NUMBER	rewrite	why an async gate is the shape most able to skip; both dated counts go to the history document
scripts/check-charts.mjs	556	22	CONTRACT	keep	type annotation only; kept
scripts/lib/readiness.mjs	1	1665	CONTRACT	rewrite	why it is extracted, what five 200s are blind to and why the body rather than the status; the schedule aside goes to the history document
scripts/lib/readiness.mjs	33	105	CONTRACT	keep	type annotation only; kept
scripts/lib/readiness.mjs	37	195	CONTRACT	keep	the verdict shape; type annotation only
scripts/lib/readiness.mjs	44	57	CONTRACT	keep	one line already; kept
scripts/lib/readiness.mjs	49	1595	CONTRACT	rewrite	why it fails closed everywhere, and what deferring is for; the ruling number and the dated ship go to the history document
scripts/lib/readiness.mjs	81	308	WHY	rewrite	why the rate-limited case is separate
scripts/lib/readiness.mjs	96	22	CONTRACT	keep	type annotation only; kept
scripts/lib/readiness.mjs	118	49	CONTRACT	keep	type annotation only; kept
scripts/lib/readiness.mjs	120	31	CONTRACT	keep	type annotation only; kept
scripts/lib/readiness.mjs	123	416	WHY	rewrite	why an empty checks array is a refusal
scripts/lib/readiness.mjs	144	376	WHY	rewrite	why the top-level field is not the subject
scripts/lib/readiness.mjs	160	240	WHY	rewrite	why a self-disagreeing endpoint is refused
scripts/lib/readiness.mjs	177	296	CONTRACT	rewrite	why the counts print only sometimes
scripts/lib/readiness.mjs	196	1921	CONTRACT	rewrite	why it is a function, that the meaning inverts, why a missing row is a miss and why the detail is absent; the ruling number goes to the history document
scripts/lib/readiness.mjs	235	23	CONTRACT	keep	type annotation only; kept
scripts/lib/readiness.mjs	237	23	CONTRACT	keep	type annotation only; kept
scripts/lib/readiness.mjs	263	1561	CONTRACT	rewrite	the rule, why a value per key and what still gates; both incidents, their versions and dates go to the history document
scripts/lib/readiness.mjs	291	37	CONTRACT	keep	type annotation only; kept
scripts/build-icons.mjs	1	2120	CONTRACT	rewrite	that it is a generator, what proves its output, what nothing sees and why the builder is written down; the dated gates and the v4 supersession go to the history document
scripts/build-icons.mjs	48	292	CONTRACT	rewrite	why there is no second constant
scripts/build-icons.mjs	55	63	CONTRACT	keep	which token it is; one line already
scripts/build-icons.mjs	58	874	NUMBER	rewrite	what the tile cost and which sizes recover it; the three measured ratios and the ruling date go to the history document
scripts/build-icons.mjs	77	317	CONTRACT	rewrite	where the paths come from and which carry a placeholder
scripts/build-icons.mjs	95	422	CONTRACT	rewrite	why it is derived from the construction; the coordinates go to the history document
scripts/build-icons.mjs	110	337	CONTRACT	keep	the parameters; already short
scripts/build-icons.mjs	120	145	WHY	rewrite	why the longer dimension
scripts/build-icons.mjs	134	75	CONTRACT	keep	one line already; kept
scripts/build-icons.mjs	148	1072	WHY	rewrite	which variable the query was keyed on and why a tile has no such dependency; the live demonstration and the ruling date go to the history document
scripts/build-icons.mjs	172	47	CONTRACT	keep	type annotation only; kept
scripts/build-icons.mjs	177	298	CONTRACT	rewrite	what the container holds and that it was measured
scripts/build-icons.mjs	186	11	CONTRACT	keep	field label; one word already
scripts/build-icons.mjs	187	13	CONTRACT	keep	field label; one word already
scripts/build-icons.mjs	194	21	CONTRACT	keep	field label; already short
scripts/build-icons.mjs	195	9	CONTRACT	keep	field label; one word already
scripts/build-icons.mjs	196	15	CONTRACT	keep	field label; already short
scripts/build-icons.mjs	197	11	CONTRACT	keep	field label; one word already
scripts/build-icons.mjs	198	16	CONTRACT	keep	field label; already short
scripts/build-icons.mjs	199	17	CONTRACT	keep	field label; already short
scripts/build-icons.mjs	208	78	CONTRACT	rewrite	section marker, rule padding cut
scripts/build-icons.mjs	214	55	CONTRACT	keep	type annotation only; kept
scripts/build-icons.mjs	223	76	CONTRACT	keep	why transparent; one line already
scripts/build-icons.mjs	226	155	CONTRACT	keep	why these sizes and that they are measured; two lines already
scripts/build-icons.mjs	234	226	WHY	rewrite	why the small tiles get less padding
scripts/build-icons.mjs	246	467	NUMBER	rewrite	why the padding is geometric rather than stylistic; the two candidate values and their headroom go to the history document
scripts/build-icons.mjs	256	1158	WHY	rewrite	why the manifest is regenerated here and only when writing to public; the ruling reference goes to the history document
scripts/build-icons.mjs	278	227	WHY	rewrite	why the cwd is pinned
scripts/check-hook-matchers.mjs	1	3562	CONTRACT	rewrite	the defect, the boundary, the residual, fail-closed and the two branches; the tool names, the 59 days and the earlier fix go to the history document
scripts/check-hook-matchers.mjs	81	80	CONTRACT	keep	type annotation only; kept
scripts/check-hook-matchers.mjs	90	345	CONTRACT	rewrite	why every matcher and not some
scripts/check-hook-matchers.mjs	103	202	CONTRACT	keep	which matcher these belong to; already short
scripts/check-hook-matchers.mjs	115	353	CONTRACT	rewrite	why the exclusions are enumerated, with its citation
scripts/check-hook-matchers.mjs	133	290	CONTRACT	rewrite	why a hard floor beside the observed set
scripts/check-hook-matchers.mjs	141	606	WHY	rewrite	why the observed set can never demand these; the measurement and the printed line go to the history document
scripts/check-hook-matchers.mjs	160	27	CONTRACT	keep	type annotation only; kept
scripts/check-hook-matchers.mjs	182	447	CONTRACT	rewrite	the gap the sibling gate names and cannot close
scripts/check-hook-matchers.mjs	193	561	CONTRACT	rewrite	why the shape is declared; the six errors and the catching hook go to the history document
scripts/check-hook-matchers.mjs	205	54	CONTRACT	keep	type annotation only; kept
scripts/check-hook-matchers.mjs	252	372	CONTRACT	rewrite	where the expected set comes from, with its citation
scripts/check-hook-matchers.mjs	262	49	CONTRACT	keep	type annotation only; kept
scripts/check-hook-matchers.mjs	264	52	CONTRACT	keep	type annotation only; kept
scripts/check-hook-matchers.mjs	270	290	CONTRACT	rewrite	how a name is read off a rule and why MCP rules are dropped
scripts/check-hook-matchers.mjs	312	50	CONTRACT	keep	type annotation only; kept
scripts/check-hook-matchers.mjs	341	318	WHY	rewrite	why the content tools are asked of one matcher
scripts/check-hook-matchers.mjs	380	931	NUMBER	rewrite	why the names are split even while the counts agree; both measured runs and the date go to the history document
scripts/check-mail.mjs	1	3220	CONTRACT	rewrite	why it exists, the two paths, who owns the domain, the boundary and why an independent resolver; the record inventory and the dated measurement go to the history document
scripts/check-mail.mjs	71	71	CONTRACT	keep	one line already; kept
scripts/check-mail.mjs	73	32	CONTRACT	keep	one line already; kept
scripts/check-mail.mjs	75	32	CONTRACT	keep	one line already; kept
scripts/check-mail.mjs	77	56	CONTRACT	keep	one line already; kept
scripts/check-mail.mjs	82	76	CONTRACT	keep	what the floor counts; one line already
scripts/check-mail.mjs	85	826	CONTRACT	rewrite	why the argument order and what the first version did; the FAILURES reference goes to the history document
scripts/check-mail.mjs	111	334	WHY	rewrite	why it is anchored on the declaration, with its citation
scripts/check-mail.mjs	137	215	CONTRACT	keep	fail closed on anything that is not a clean answer; already short
scripts/check-mail.mjs	147	716	WHY	rewrite	why transport failures only; the failing run goes to the history document
scripts/check-mail.mjs	184	134	CONTRACT	keep	which answer types count; two lines already
scripts/check-mail.mjs	186	18	CONTRACT	keep	type annotation only; kept
scripts/check-mail.mjs	187	274	CONTRACT	rewrite	why the strings must be joined
scripts/check-mail.mjs	191	18	CONTRACT	keep	type annotation only; kept
scripts/check-mail.mjs	199	262	CONTRACT	rewrite	why exactly one
scripts/check-mail.mjs	229	329	CONTRACT	rewrite	why presence is not enough
scripts/check-mail.mjs	264	78	CONTRACT	rewrite	section marker, rule padding cut
scripts/check-mail.mjs	283	317	WHY	rewrite	why the specific policy and not merely a policy
scripts/check-mail.mjs	294	204	WHY	rewrite	what enforcing without reporting is
scripts/check-mail.mjs	308	79	CONTRACT	rewrite	section marker, rule padding cut
scripts/check-mail.mjs	331	801	NUMBER	rewrite	why records rather than assertions, and why no slack; the six names go to the history document
scripts/check-mail.mjs	356	236	WHY	rewrite	why exitCode; the measurement goes to the history document
scripts/check-stack.mjs	1	3634	CONTRACT	rewrite	what the subject is, both boundary limits, both directions and the re-derivation; the ruling number, the CI argument's history and the deleted entry go to the history document
scripts/check-stack.mjs	93	90	CONTRACT	keep	type annotation only; kept
scripts/check-stack.mjs	106	214	CONTRACT	keep	both directions as one pair; already short
scripts/check-stack.mjs	144	79	CONTRACT	rewrite	section marker, rule padding cut
scripts/check-stack.mjs	159	296	WHY	rewrite	how two blind sides agree; the plant goes to the history document
scripts/check-stack.mjs	193	81	CONTRACT	rewrite	section marker, rule padding cut
scripts/check-stack.mjs	201	1324	WHY	rewrite	what the old comparison was asking and why mtime answers the right question; the ruling number and the PR numbers go to the history document
scripts/check-stack.mjs	235	79	CONTRACT	rewrite	section marker, rule padding cut
scripts/check-stack.mjs	240	18	CONTRACT	keep	type annotation only; kept
scripts/check-stack.mjs	248	18	CONTRACT	keep	type annotation only; kept
scripts/check-stack.mjs	252	81	CONTRACT	rewrite	section marker, rule padding cut
scripts/check-stack.mjs	258	18	CONTRACT	keep	type annotation only; kept
scripts/check-stack.mjs	273	18	CONTRACT	keep	type annotation only; kept
scripts/check-stack.mjs	278	18	CONTRACT	keep	type annotation only; kept
scripts/check-stack.mjs	281	1113	WHY	rewrite	why the two statuses are different claims, why the vocabulary is closed and who else owns it; the deleted entry and the dates go to the history document
scripts/check-stack.mjs	303	18	CONTRACT	keep	type annotation only; kept
scripts/check-stack.mjs	310	18	CONTRACT	keep	type annotation only; kept
scripts/check-stack.mjs	316	75	CONTRACT	rewrite	section marker, rule padding cut
scripts/check-stack.mjs	335	537	NUMBER	rewrite	what an empty roster would do; the measurement and its date go to the history document
scripts/check-worker.mjs	1	1563	CONTRACT	rewrite	the boundary, why it exists and the shared failure mode; the audit's counts and the three defects go to the history document
scripts/check-worker.mjs	47	671	NUMBER	rewrite	the measurement rule, why tight, and who owns the tolerance; the restated percentage and its failing run go to the history document
scripts/check-worker.mjs	60	260	NUMBER	rewrite	the relationship every pair here has had; the dated readings go to the history document
scripts/check-worker.mjs	65	770	NUMBER	rewrite	what this catches that a file count cannot; the dated readings and the corrected pair go to the history document
scripts/check-worker.mjs	77	1026	NUMBER	rewrite	where the tolerance rule lives and why the first attempt went undetected locally; every count and date goes to the history document
scripts/check-worker.mjs	101	80	CONTRACT	keep	type annotation only; kept
scripts/check-worker.mjs	110	48	CONTRACT	keep	type annotation only; kept
scripts/check-worker.mjs	134	475	WHY	rewrite	why this scope floor is in the meta-gate
scripts/check-worker.mjs	151	1969	WHY	rewrite	what was observed, that the cause was not established, and why a contract rather than a better needle; the version, the banner lines and the refuted candidate go to the history document
scripts/check-worker.mjs	191	50	CONTRACT	keep	type annotation only; kept
scripts/check-worker.mjs	193	73	CONTRACT	keep	type annotation only; kept
scripts/check-worker.mjs	246	697	NUMBER	rewrite	what this floors and why slack is zero; the measurement and its date go to the history document
scripts/build-diagrams.mjs	1	1951	CONTRACT	rewrite	why build time, the gap it leaves, why the bytes are never gated and why two renders; the two engine errors and the ruling reference go to the history document
scripts/build-diagrams.mjs	57	311	CONTRACT	rewrite	why it is set explicitly
scripts/build-diagrams.mjs	66	81	CONTRACT	keep	why fixed; one line already
scripts/build-diagrams.mjs	69	692	WHY	rewrite	why a recorded limitation rather than a solved problem
scripts/build-diagrams.mjs	83	161	CONTRACT	keep	the parameters plus where the colours came from; already short
scripts/build-diagrams.mjs	90	129	CONTRACT	keep	why this theme; two lines already
scripts/build-diagrams.mjs	93	188	CONTRACT	keep	why the audit exists; already short
scripts/build-diagrams.mjs	97	309	WHY	rewrite	what a foreignObject does inside an img
scripts/build-diagrams.mjs	103	450	WHY	rewrite	why layout rather than taste; the measured widths go to the history document
scripts/build-diagrams.mjs	117	135	WHY	keep	what the mirrored row costs; two lines already
scripts/build-diagrams.mjs	124	707	WHY	rewrite	what an img does with no intrinsic width, and why a targeted rewrite
scripts/build-diagrams.mjs	160	960	CONTRACT	rewrite	the three reasons, the first of them measured
scripts/build-diagrams.mjs	195	70	CONTRACT	keep	type annotation only; kept
scripts/build-diagrams.mjs	197	34	CONTRACT	keep	type annotation only; kept
scripts/build-diagrams.mjs	203	124	CONTRACT	keep	why one asset; two lines already
scripts/build-diagrams.mjs	223	53	CONTRACT	keep	type annotation only; kept
scripts/build-diagrams.mjs	235	150	WHY	keep	why the launch is conditional; two lines already
scripts/build-diagrams.mjs	245	42	CONTRACT	keep	type annotation only; kept
scripts/build-diagrams.mjs	247	31	CONTRACT	keep	type annotation only; kept
scripts/build-diagrams.mjs	252	140	WHY	keep	why it is audited before it is written; two lines already
scripts/build-diagrams.mjs	274	244	WHY	rewrite	why a write path alone is not enough
scripts/build-diagrams.mjs	294	637	WHY	rewrite	what follows automatically and what cannot
scripts/lib/rss.mjs	1	2128	CONTRACT	rewrite	why a separate process, what is counted, what the metric is and that it fails soft; the five killed runs and the dates go to the history document
scripts/lib/rss.mjs	46	74	CONTRACT	keep	one platform; one line already
scripts/lib/rss.mjs	49	450	WHY	rewrite	the bare-name trap in the other direction
scripts/lib/rss.mjs	64	562	CONTRACT	rewrite	why the walk is in the sampler and why it appends
scripts/lib/rss.mjs	77	21	CONTRACT	keep	type annotation only; kept
scripts/lib/rss.mjs	78	21	CONTRACT	keep	type annotation only; kept
scripts/lib/rss.mjs	79	21	CONTRACT	keep	type annotation only; kept
scripts/lib/rss.mjs	116	247	CONTRACT	keep	the parameters; already short
scripts/lib/rss.mjs	136	452	WHY	rewrite	why the values are substituted; the silent no-op goes to the history document
scripts/lib/rss.mjs	148	277	WHY	rewrite	why not detached
scripts/lib/rss.mjs	166	69	CONTRACT	keep	one line already; kept
scripts/lib/rss.mjs	173	525	CONTRACT	rewrite	why null rather than zero
scripts/lib/rss.mjs	199	124	CONTRACT	keep	what the third field is; two lines already
scripts/lib/rss.mjs	211	69	CONTRACT	keep	one line already; kept
scripts/lib/rss.mjs	212	40	CONTRACT	keep	type annotation only; kept
scripts/lib/rss.mjs	216	1009	CONTRACT	rewrite	why the sampler is the oracle, and why pids not names; the measured browser count goes to the history document
scripts/lib/rss.mjs	259	1486	CONTRACT	rewrite	what a single sample misses, why a window and what the residual is; the killed run's figures go to the history document
scripts/lib/strip-comments.mjs	1	2704	CONTRACT	rewrite	the trap, the drift-in-strength argument, that the old boundary moved, why the weak forms stay and what is not this job; the six victims, the measurements and the dates go to the history document
scripts/lib/strip-comments.mjs	55	2449	CONTRACT	rewrite	why one pass, what it understands, the regex heuristic and the unterminated rule; both dated rewrites and the measured counts go to the history document
scripts/lib/strip-comments.mjs	109	80	CONTRACT	keep	what decides a slash; one line already
scripts/lib/strip-comments.mjs	126	72	CONTRACT	keep	what a string literal cannot do; one line already
scripts/lib/strip-comments.mjs	149	229	WHY	rewrite	why the newlines are kept
scripts/lib/strip-comments.mjs	159	64	CONTRACT	keep	what is copied whole; one line already
scripts/lib/strip-comments.mjs	170	123	CONTRACT	keep	why it falls through; two lines already
scripts/lib/strip-comments.mjs	189	59	CONTRACT	keep	what replaces a block comment; one line already
scripts/lib/strip-comments.mjs	199	245	WHY	rewrite	why the guard is gone
scripts/lib/strip-comments.mjs	218	476	CONTRACT	rewrite	what the option is for; the gate that learned it goes to the history document
scripts/lib/strip-comments.mjs	235	689	CONTRACT	rewrite	who needs it and why it is the same tokenizer
scripts/check-diagrams.mjs	1	1841	CONTRACT	rewrite	the boundary, what no other gate can catch and the three sections; the sibling-gate comparison and the plant instructions go to the history document
scripts/check-diagrams.mjs	60	23	CONTRACT	keep	type annotation only; kept
scripts/check-diagrams.mjs	63	48	CONTRACT	keep	type annotation only; kept
scripts/check-diagrams.mjs	69	74	CONTRACT	keep	what it asserts; one line already
scripts/check-diagrams.mjs	70	21	CONTRACT	keep	type annotation only; kept
scripts/check-diagrams.mjs	70	28	CONTRACT	keep	type annotation only; kept
scripts/check-diagrams.mjs	70	21	CONTRACT	keep	type annotation only; kept
scripts/check-diagrams.mjs	85	172	CONTRACT	rewrite	section marker, rule padding cut
scripts/check-diagrams.mjs	89	210	WHY	rewrite	what the fail-closed rule would do otherwise; the ruling date goes to the history document
scripts/check-diagrams.mjs	94	76	CONTRACT	rewrite	section marker, rule padding cut
scripts/check-diagrams.mjs	110	76	CONTRACT	rewrite	section marker, rule padding cut
scripts/check-diagrams.mjs	121	78	CONTRACT	rewrite	section marker, rule padding cut
scripts/check-diagrams.mjs	128	213	WHY	rewrite	what a line-ending-dependent key would do
scripts/check-diagrams.mjs	144	78	CONTRACT	rewrite	section marker, rule padding cut
scripts/check-diagrams.mjs	152	18	CONTRACT	keep	type annotation only; kept
scripts/check-diagrams.mjs	157	18	CONTRACT	keep	type annotation only; kept
scripts/check-diagrams.mjs	159	227	CONTRACT	rewrite	which element carries the name and why no override
scripts/check-diagrams.mjs	165	18	CONTRACT	keep	type annotation only; kept
scripts/check-diagrams.mjs	170	18	CONTRACT	keep	type annotation only; kept
scripts/check-diagrams.mjs	176	18	CONTRACT	keep	type annotation only; kept
scripts/check-diagrams.mjs	179	154	WHY	rewrite	why no dimensions are emitted
scripts/check-diagrams.mjs	184	18	CONTRACT	keep	type annotation only; kept
scripts/check-diagrams.mjs	187	77	WHY	keep	what a heading here would do; one line already
scripts/check-diagrams.mjs	188	18	CONTRACT	keep	type annotation only; kept
scripts/check-diagrams.mjs	192	18	CONTRACT	keep	type annotation only; kept
scripts/check-diagrams.mjs	199	18	CONTRACT	keep	type annotation only; kept
scripts/check-diagrams.mjs	203	173	CONTRACT	rewrite	section marker, rule padding cut
scripts/check-diagrams.mjs	215	231	WHY	rewrite	what a token missing from one block resolves to
scripts/check-diagrams.mjs	226	342	CONTRACT	rewrite	why the same call and why the throw is caught
scripts/check-diagrams.mjs	244	53	CONTRACT	keep	type annotation only; kept
scripts/check-diagrams.mjs	252	211	CONTRACT	rewrite	section marker, rule padding cut
scripts/check-diagrams.mjs	260	63	CONTRACT	keep	type annotation only; kept
scripts/check-diagrams.mjs	271	151	WHY	keep	why a generated file is still hand-editable; two lines already
scripts/check-diagrams.mjs	287	73	CONTRACT	keep	what a missing intrinsic size does; one line already
scripts/check-diagrams.mjs	292	199	WHY	keep	what a foreignObject does inside an img; three lines already
scripts/check-diagrams.mjs	305	69	WHY	keep	the zero-scope rule; one line already
scripts/check-diagrams.mjs	320	1315	NUMBER	rewrite	what the executed floor cannot see and why these are set differently; the sweep, the measurement and its date go to the history document
scripts/check-diagrams.mjs	350	603	NUMBER	rewrite	why almost every assertion is inside a discovered loop; the measurement and its date go to the history document
scripts/check-design-sheets.mjs	1	4100	CONTRACT	rewrite	the defect a written prediction did not prevent, both directions, what is not here, the two import forms and the one exclusion; the quoted notes and the sheet names go to the history document
scripts/check-design-sheets.mjs	92	218	CONTRACT	rewrite	exact paths, and who owns the decision
scripts/check-design-sheets.mjs	100	234	NUMBER	rewrite	the zero-scope rule with its citation, in two lines
scripts/check-design-sheets.mjs	110	23	CONTRACT	keep	type annotation only; kept
scripts/check-design-sheets.mjs	113	73	CONTRACT	keep	type annotation only; kept
scripts/check-design-sheets.mjs	124	105	CONTRACT	keep	one spelling for every comparison; already short
scripts/check-design-sheets.mjs	132	29	CONTRACT	keep	type annotation only; kept
scripts/check-design-sheets.mjs	137	29	CONTRACT	keep	type annotation only; kept
scripts/check-design-sheets.mjs	142	200	CONTRACT	keep	what the cascade form is and what the quote excludes; already short
scripts/check-design-sheets.mjs	152	200	CONTRACT	keep	what a side-load is and what it lacks; already short
scripts/check-design-sheets.mjs	162	125	CONTRACT	keep	the CSS-level form; already short
scripts/check-design-sheets.mjs	171	138	CONTRACT	keep	how a specifier resolves; already short
scripts/check-design-sheets.mjs	180	47	CONTRACT	keep	what is not a repo sheet; one line already
scripts/check-design-sheets.mjs	201	77	CONTRACT	keep	who the importers are; one line already
scripts/check-design-sheets.mjs	206	39	CONTRACT	keep	what is out of scope; one line already
scripts/check-design-sheets.mjs	219	61	CONTRACT	keep	what the map holds; type annotation only
scripts/check-design-sheets.mjs	221	66	CONTRACT	keep	what the order is; type annotation only
scripts/check-design-sheets.mjs	224	47	CONTRACT	keep	type annotation only; kept
scripts/check-design-sheets.mjs	232	258	CONTRACT	rewrite	why it is a type predicate
scripts/check-design-sheets.mjs	249	107	CONTRACT	keep	why side-loads are not ordered; two lines already
scripts/check-design-sheets.mjs	258	153	CONTRACT	keep	why the follow is transitive; two lines already
scripts/check-design-sheets.mjs	276	72	CONTRACT	keep	direction 1; one line already
scripts/check-design-sheets.mjs	288	72	CONTRACT	keep	direction 2; one line already
scripts/check-design-sheets.mjs	297	70	CONTRACT	keep	why every entry must exist; one line already
scripts/check-design-sheets.mjs	305	228	CONTRACT	rewrite	which sheets are ordered and which are not
scripts/build-assets.mjs	1	2414	CONTRACT	rewrite	why a Worker cannot list its assets, why the placeholder is here and why D1's is not a duplicate; the finding reference and the dimensions precedent go to the history document
scripts/build-assets.mjs	57	462	CONTRACT	rewrite	which spelling is derived from which, and why
scripts/build-assets.mjs	68	709	CONTRACT	rewrite	why sorted and why the exclusion is inside the walk
scripts/build-assets.mjs	85	23	CONTRACT	keep	type annotation only; kept
scripts/build-assets.mjs	94	199	CONTRACT	keep	why forward slashes; two lines already
scripts/build-assets.mjs	98	186	WHY	rewrite	why skipping is never a fallthrough
scripts/build-assets.mjs	107	847	CONTRACT	rewrite	what the narrowing is, why derived and what the gate asserts
scripts/build-assets.mjs	128	81	CONTRACT	keep	what it is matched to; one line already
scripts/build-assets.mjs	131	1028	CONTRACT	rewrite	what the digest makes checkable and why it does not re-encode
scripts/build-assets.mjs	168	215	WHY	rewrite	why classification happens here
scripts/build-assets.mjs	173	60	CONTRACT	keep	type annotation only; kept
scripts/build-assets.mjs	182	180	CONTRACT	keep	why the order is stable; two lines already
scripts/build-assets.mjs	190	73	CONTRACT	keep	why a no-op build leaves the mtime; one line already
scripts/build-assets.mjs	195	15	CONTRACT	keep	the first-run branch; one word already
scripts/check-hook-syntax.mjs	1	2345	CONTRACT	rewrite	the outage, why no other gate sees it, what is asserted, why the interpreters are resolved and both boundary halves; the dated incidents and the line reference go to the history document
scripts/check-hook-syntax.mjs	68	80	CONTRACT	keep	type annotation only; kept
scripts/check-hook-syntax.mjs	77	82	CONTRACT	rewrite	section marker, rule padding cut
scripts/check-hook-syntax.mjs	79	23	CONTRACT	keep	type annotation only; kept
scripts/check-hook-syntax.mjs	98	81	CONTRACT	rewrite	section marker, rule padding cut
scripts/check-hook-syntax.mjs	120	82	CONTRACT	rewrite	section marker, rule padding cut
scripts/check-hook-syntax.mjs	143	83	CONTRACT	rewrite	section marker, rule padding cut
scripts/check-hook-syntax.mjs	145	649	WHY	rewrite	why a spelling scan finds nothing, with its citation
scripts/check-hook-syntax.mjs	161	38	CONTRACT	keep	the shape matched; one line already
scripts/check-hook-syntax.mjs	166	51	CONTRACT	keep	the shape matched; one line already
scripts/check-hook-syntax.mjs	176	28	CONTRACT	keep	type annotation only; kept
scripts/check-hook-syntax.mjs	181	731	CONTRACT	rewrite	why the body pattern is exact and what `after` proves
scripts/check-hook-syntax.mjs	198	48	CONTRACT	keep	type annotation only; kept
scripts/check-hook-syntax.mjs	209	1320	WHY	rewrite	the plant that PASSED both assertions, and what catches it; the planted line and the date go to the history document
scripts/check-hook-syntax.mjs	247	20	CONTRACT	keep	type annotation only; kept
scripts/check-hook-syntax.mjs	264	215	WHY	rewrite	what the compile alone proves
scripts/check-hook-syntax.mjs	284	82	CONTRACT	rewrite	section marker, rule padding cut
scripts/check-hook-syntax.mjs	286	532	NUMBER	rewrite	why two floors and which failure each catches; the measurement and its date go to the history document
scripts/build-publications.mjs	1	779	CONTRACT	rewrite	the inputs, that it is deterministic and that the artifact is generated; the moved flag goes to the history document
scripts/build-publications.mjs	27	212	CONTRACT	rewrite	why casefolded and what a raw join does
scripts/build-publications.mjs	32	45	CONTRACT	keep	type annotation only; kept
scripts/build-publications.mjs	35	318	CONTRACT	rewrite	why two classes rather than one pattern
scripts/build-publications.mjs	44	1282	WHY	rewrite	why the space is load-bearing, what it costs and why the order matters; the two titles and the corpus counts go to the history document
scripts/build-publications.mjs	79	65	CONTRACT	keep	why JSON syntax works; one line already
scripts/build-publications.mjs	80	47	CONTRACT	keep	type annotation only; kept
scripts/build-publications.mjs	86	49	CONTRACT	keep	type annotation only; kept
scripts/build-publications.mjs	92	25	CONTRACT	keep	type annotation only; kept
scripts/build-publications.mjs	95	81	CONTRACT	keep	the order of authority; one line already
scripts/build-publications.mjs	98	51	CONTRACT	keep	type annotation only; kept
scripts/build-publications.mjs	107	883	CONTRACT	rewrite	why precision on deposit and why it is separate from the year; the corpus tally goes to the history document
scripts/build-publications.mjs	130	21	CONTRACT	keep	type annotation only; kept
scripts/build-publications.mjs	138	487	CONTRACT	rewrite	why the wide dash is an escape
scripts/build-publications.mjs	150	828	WHY	rewrite	the trap and why a positive match; the four shapes and their counts go to the history document
scripts/build-publications.mjs	176	46	CONTRACT	keep	type annotation only; kept
scripts/build-publications.mjs	179	18	CONTRACT	keep	type annotation only; kept
scripts/build-publications.mjs	344	31	CONTRACT	keep	type annotation only; kept
scripts/build-publications.mjs	354	20	CONTRACT	keep	type annotation only; kept
scripts/build-publications.mjs	360	136	CONTRACT	keep	which side the DOI comes from; two lines already
scripts/build-publications.mjs	380	18	CONTRACT	keep	type annotation only; kept
scripts/build-publications.mjs	380	18	CONTRACT	keep	type annotation only; kept
scripts/build-publications.mjs	426	235	CONTRACT	rewrite	why JSON rather than field by field
scripts/build-publications.mjs	446	723	WHY	rewrite	why the guard exists and what the import would have done; the date and the argv aside go to the history document
scripts/lib/r2.mjs	1	1072	CONTRACT	rewrite	why one implementation, why a proxy and why the flag stays off the tracked config; the measured object counts go to the history document
scripts/lib/r2.mjs	28	408	CONTRACT	rewrite	why it was lifted out
scripts/lib/r2.mjs	45	125	CONTRACT	keep	what it is matched to and why no flags; two lines already
scripts/lib/r2.mjs	55	1235	CONTRACT	rewrite	what the mirror does not cover, why size is verified and why the structure is recreated; the ruling reference goes to the history document
scripts/lib/r2.mjs	84	23	CONTRACT	keep	type annotation only; kept
scripts/lib/r2.mjs	88	18	CONTRACT	keep	type annotation only; kept
scripts/lib/r2.mjs	89	33	CONTRACT	keep	type annotation only; kept
scripts/lib/r2.mjs	96	148	WHY	keep	why it is reported rather than skipped; two lines already
scripts/lib/r2.mjs	121	778	CONTRACT	rewrite	why the paging is not a nicety; the shipped defect goes to the history document
scripts/lib/r2.mjs	139	83	CONTRACT	keep	type annotation only; kept
scripts/lib/r2.mjs	142	18	CONTRACT	keep	type annotation only; kept
scripts/lib/r2.mjs	143	33	CONTRACT	keep	type annotation only; kept
scripts/lib/r2.mjs	164	150	CONTRACT	keep	why a cursorless truncation is refused; two lines already
scripts/lib/r2.mjs	169	630	WHY	rewrite	what is swallowed and what is deliberately not; the measured failure goes to the history document
scripts/lib/r2.mjs	182	19	CONTRACT	keep	what the catch covers; one phrase already
scripts/lib/r2.mjs	189	1372	CONTRACT	rewrite	why it is separate and the two refusal rules; the dated run and its output go to the history document
scripts/measure/deps.mjs	1	2895	CONTRACT	rewrite	that it is not a gate, what each column is measured with and why there is no byte column; the stale counts and the build timings go to the history document
scripts/measure/deps.mjs	59	582	WHY	rewrite	why the root is scanned; the two packages go to the history document
scripts/measure/deps.mjs	84	80	CONTRACT	rewrite	section marker, rule padding cut
scripts/measure/deps.mjs	86	403	WHY	rewrite	why the exit code is not the gate; the first run goes to the history document
scripts/measure/deps.mjs	95	23	CONTRACT	keep	type annotation only; kept
scripts/measure/deps.mjs	105	51	CONTRACT	keep	type annotation only; kept
scripts/measure/deps.mjs	118	81	CONTRACT	keep	what is counted; one line already
scripts/measure/deps.mjs	119	18	CONTRACT	keep	type annotation only; kept
scripts/measure/deps.mjs	121	18	CONTRACT	keep	type annotation only; kept
scripts/measure/deps.mjs	135	80	CONTRACT	rewrite	section marker, rule padding cut
scripts/measure/deps.mjs	137	78	CONTRACT	keep	what it returns when absent; one line already
scripts/measure/deps.mjs	138	21	CONTRACT	keep	type annotation only; kept
scripts/measure/deps.mjs	147	21	CONTRACT	keep	type annotation only; kept
scripts/measure/deps.mjs	161	76	CONTRACT	keep	why a vanished file contributes nothing; one line already
scripts/measure/deps.mjs	169	80	CONTRACT	rewrite	section marker, rule padding cut
scripts/measure/deps.mjs	171	77	CONTRACT	keep	what it walks; one line already
scripts/measure/deps.mjs	173	54	CONTRACT	keep	type annotation only; kept
scripts/measure/deps.mjs	184	21	CONTRACT	keep	type annotation only; kept
scripts/measure/deps.mjs	194	148	CONTRACT	keep	what the root pass must not do; two lines already
scripts/measure/deps.mjs	210	404	WHY	rewrite	why the needle is the specifier, with its discipline
scripts/measure/deps.mjs	219	21	CONTRACT	keep	type annotation only; kept
scripts/measure/deps.mjs	224	74	CONTRACT	keep	type annotation only; kept
scripts/measure/deps.mjs	230	447	WHY	rewrite	what a type-only import ships; the misreported package goes to the history document
scripts/measure/deps.mjs	251	80	CONTRACT	rewrite	section marker, rule padding cut
scripts/measure/deps.mjs	278	26	CONTRACT	keep	type annotation only; kept
scripts/build-content.mjs	1	447	CONTRACT	rewrite	what it writes, why gitignored and who proves it; the artifact-arc reference goes to the history document
scripts/build-content.mjs	31	73	CONTRACT	keep	why markdown; one line already
scripts/build-content.mjs	35	239	CONTRACT	rewrite	why sorted
scripts/build-content.mjs	43	23	CONTRACT	keep	type annotation only; kept
scripts/build-content.mjs	72	722	CONTRACT	rewrite	why read rather than imported, and the build order; the ruling reference goes to the history document
scripts/build-content.mjs	101	412	CONTRACT	rewrite	why the generated module rather than the JSON
scripts/build-content.mjs	120	470	CONTRACT	rewrite	why it is not in the build product
scripts/build-content.mjs	142	72	CONTRACT	keep	why absence is the honest answer; one line already
scripts/build-content.mjs	147	1564	CONTRACT	rewrite	why one owner, why a Date, why explicit midnight and why null is real, with its citation
scripts/build-content.mjs	181	1711	CONTRACT	rewrite	why markdown, why rendered here and why the resolver refuses; the section citation goes to the history document
scripts/build-content.mjs	266	22	CONTRACT	keep	type annotation only; kept
scripts/lib/wrangler-surface.mjs	1	852	CONTRACT	rewrite	what it enumerates and the two deliberate omissions; the move and its date go to the history document
scripts/lib/wrangler-surface.mjs	21	121	CONTRACT	rewrite	what it converts; one line already
scripts/lib/wrangler-surface.mjs	26	579	WHY	rewrite	why the weak stripper and why weak is enough; the measurement date goes to the history document
scripts/lib/wrangler-surface.mjs	45	709	CONTRACT	rewrite	one table so the two readers cannot disagree, and what the settings string omits
scripts/lib/wrangler-surface.mjs	89	232	WHY	rewrite	why the dataset name is compared; one line
scripts/lib/wrangler-surface.mjs	100	231	WHY	rewrite	why the service name is compared; one line
scripts/lib/wrangler-surface.mjs	111	788	WHY	rewrite	the key that differs and why restrictions are settings; the dates and the widening go to the history document
scripts/lib/wrangler-surface.mjs	151	188	CONTRACT	rewrite	what it returns; one line already
scripts/lib/wrangler-surface.mjs	159	34	CONTRACT	keep	type annotation only; kept
scripts/lib/wrangler-surface.mjs	165	1942	CONTRACT	rewrite	why it exists, the three shapes, and the one key that matches none; the plant, the dates and the widening go to the history document
scripts/lib/wrangler-surface.mjs	203	18	CONTRACT	keep	type annotation only; kept
scripts/lib/wrangler-surface.mjs	214	18	CONTRACT	keep	type annotation only; kept
scripts/lib/floor.mjs	1	2941	CONTRACT	rewrite	what it owns and why it returns a string; the drift measurement, the ruling and the worked example go to the history document
scripts/lib/floor.mjs	58	270	CONTRACT	rewrite	one owner for the spelling, and the anchoring constraint
scripts/lib/floor.mjs	65	1232	WHY	rewrite	why the gate is two segments and not a greedy run; the sha, the dates and the discovery go to the history document
scripts/lib/floor.mjs	90	709	CONTRACT	rewrite	the parameters, with the why-belongs-to-the-site rule kept
scripts/lib/floor.mjs	105	314	WHY	rewrite	why NaN reads as a breach; one line
scripts/check-media-axes.mjs	1	2070	CONTRACT	rewrite	the boundary, the derivation and the fail-closed rule; the defect, its production measurements and the dates go to the history document
scripts/check-media-axes.mjs	47	83	CONTRACT	keep	type annotation only; kept
scripts/check-media-axes.mjs	60	234	CONTRACT	rewrite	what it blanks and why length is preserved
scripts/check-media-axes.mjs	102	153	CONTRACT	rewrite	what it returns; one line already
scripts/check-media-axes.mjs	135	215	CONTRACT	rewrite	section marker, rule padding cut
scripts/check-media-axes.mjs	158	315	NUMBER	rewrite	the scope rule and where the number came from; the measurement date goes to the history document
scripts/check-media-axes.mjs	174	272	CONTRACT	rewrite	section marker, rule padding cut
scripts/check-media-axes.mjs	184	522	WHY	rewrite	why helpers are followed and why by shape; the first run's false accusations go to the history document
scripts/check-media-axes.mjs	199	395	WHY	rewrite	why the parameter list is stepped over; the named example goes to the history document
scripts/check-media-axes.mjs	229	201	CONTRACT	rewrite	section marker, rule padding cut
scripts/check-media-axes.mjs	240	216	CONTRACT	rewrite	section marker, rule padding cut
scripts/check-media-axes.mjs	258	295	WHY	rewrite	what a spread covers and what the plant exercises
scripts/check-media-axes.mjs	288	460	NUMBER	rewrite	how it was measured and why the slack; the date and the arithmetic mistake go to the history document
scripts/apply-config-ids.mjs	1	3470	CONTRACT	rewrite	what it patches, why not the whole file, and the five refusals; the dates, the secret's history and the panel symptom go to the history document
scripts/apply-config-ids.mjs	73	43	CONTRACT	keep	type annotation only; kept
scripts/apply-config-ids.mjs	79	235	CONTRACT	rewrite	what the list is and what a change to the example does
scripts/apply-config-ids.mjs	115	1169	WHY	rewrite	why the needle carries the key; the dates, the stopped deploy and the control go to the history document
scripts/apply-config-ids.mjs	140	81	CONTRACT	keep	what the list is; one line already
scripts/apply-config-ids.mjs	168	191	WHY	rewrite	why the count comes first; one line
scripts/apply-config-ids.mjs	193	170	WHY	rewrite	why the read-back; one line already
scripts/check-uptime.mjs	1	2062	CONTRACT	rewrite	the boundary, the three-way comparison and the fail-closed rule; nothing here is dated
scripts/check-uptime.mjs	65	80	CONTRACT	keep	type annotation only; kept
scripts/check-uptime.mjs	75	75	CONTRACT	rewrite	section marker, rule padding cut
scripts/check-uptime.mjs	97	58	CONTRACT	keep	type annotation only; kept
scripts/check-uptime.mjs	109	226	WHY	rewrite	the scope rule; one line
scripts/check-uptime.mjs	128	76	CONTRACT	rewrite	section marker, rule padding cut
scripts/check-uptime.mjs	142	73	CONTRACT	rewrite	section marker, rule padding cut
scripts/check-uptime.mjs	144	390	WHY	rewrite	why by id and which direction matters; the measured window goes to the history document
scripts/check-uptime.mjs	158	21	CONTRACT	keep	type annotation only; kept
scripts/check-uptime.mjs	193	38	CONTRACT	keep	trailing note; one line already
scripts/check-uptime.mjs	210	482	WHY	rewrite	why the reads are counted and how it pairs with the floor
scripts/check-uptime.mjs	227	453	NUMBER	rewrite	how it was measured and why a little under; the shape of the two monitors goes to the history document
scripts/check-uptime.mjs	237	360	NUMBER	rewrite	why this is the slackest legal value; the dates, the first value and the tier accident go to the history document
scripts/check-uptime.mjs	249	875	WHY	rewrite	why exitCode and where exit is still safe; the measurement, its date and the libuv assertion go to the history document
scripts/lib/colophon-facts.mjs	1	2418	CONTRACT	rewrite	why a module, and why it is not derived; the shipped defect, the crash and the ship window go to the history document
scripts/lib/colophon-facts.mjs	49	404	WHY	rewrite	why element-delimited; the named substring case goes to the history document
scripts/lib/colophon-facts.mjs	61	1095	CONTRACT	rewrite	what it reads and the two matching constraints; the status-label defect and its date go to the history document
scripts/lib/colophon-facts.mjs	92	18	CONTRACT	keep	type annotation only; kept
scripts/lib/colophon-facts.mjs	101	18	CONTRACT	keep	type annotation only; kept
scripts/lib/colophon-facts.mjs	103	18	CONTRACT	keep	type annotation only; kept
scripts/lib/colophon-facts.mjs	109	333	CONTRACT	rewrite	why the sentences and why the same constant; the crash goes to the history document
scripts/lib/colophon-facts.mjs	118	372	CONTRACT	rewrite	identical treatment to the section above; the ship-window history goes to the history document
scripts/lib/colophon-facts.mjs	127	18	CONTRACT	keep	type annotation only; kept
scripts/lib/colophon-facts.mjs	132	521	WHY	rewrite	why it fails closed and why it is kept beside the test
scripts/build-katex.mjs	1	2143	CONTRACT	rewrite	the two reasons it is derived, where the output lives and the byte comparison; the measured file counts and the date go to the history document
scripts/build-katex.mjs	53	74	CONTRACT	keep	what the file is; one line already
scripts/build-katex.mjs	56	76	CONTRACT	keep	what the marker separates; one line already
scripts/build-katex.mjs	59	65	CONTRACT	keep	read rather than restated; one line already
scripts/build-katex.mjs	67	613	WHY	rewrite	why anchored on the format keyword and why a sourceless face is left alone
scripts/build-katex.mjs	89	246	CONTRACT	rewrite	what it returns; one line already
scripts/build-katex.mjs	97	59	CONTRACT	keep	what the set holds; one line already
scripts/build-katex.mjs	99	102	CONTRACT	keep	what the list holds; one line already
scripts/build-katex.mjs	116	322	WHY	rewrite	why the rewrite runs over the whole sheet
scripts/build-katex.mjs	130	236	CONTRACT	rewrite	why it is exported; one line already
scripts/build-katex.mjs	171	320	WHY	rewrite	why appended and why read from their own file
scripts/build-katex.mjs	182	67	CONTRACT	keep	what it hashes; one line already
scripts/build-katex.mjs	189	241	WHY	rewrite	why replaced rather than merged
scripts/build-katex.mjs	206	205	WHY	rewrite	both directions; one line
scripts/build-katex.mjs	224	316	WHY	rewrite	why pathToFileURL; the host measurement goes to the history document
scripts/lib/diagram-audit.mjs	1	2277	CONTRACT	rewrite	the two callers, what reachability means and why the cascade clause; nothing here is dated
scripts/lib/diagram-audit.mjs	45	57	CONTRACT	keep	what the set holds; one line already
scripts/lib/diagram-audit.mjs	60	216	CONTRACT	rewrite	why currentColor is included
scripts/lib/diagram-audit.mjs	75	409	WHY	rewrite	why brace depth and not a split
scripts/lib/diagram-audit.mjs	87	56	CONTRACT	keep	type annotation only; kept
scripts/lib/diagram-audit.mjs	111	163	CONTRACT	rewrite	what it returns; one line already
scripts/lib/diagram-audit.mjs	118	57	CONTRACT	keep	type annotation only; kept
scripts/lib/diagram-audit.mjs	127	527	WHY	rewrite	what fail-closed by construction catches; the emitted forms go to the history document
scripts/lib/diagram-audit.mjs	151	270	CONTRACT	rewrite	what it audits against; one line already
scripts/lib/diagram-audit.mjs	160	23	CONTRACT	keep	type annotation only; kept
scripts/lib/diagram-audit.mjs	172	202	CONTRACT	rewrite	section marker plus why the rules are kept
scripts/lib/diagram-audit.mjs	176	70	CONTRACT	keep	type annotation only; kept
scripts/lib/diagram-audit.mjs	198	146	WHY	rewrite	fail-closed direction; one line already
scripts/lib/diagram-audit.mjs	215	219	CONTRACT	rewrite	what it answers; one line already
scripts/lib/diagram-audit.mjs	234	274	CONTRACT	rewrite	section marker plus the defs rule
scripts/lib/diagram-audit.mjs	240	27	CONTRACT	keep	type annotation only; kept
scripts/lib/bash.mjs	1	3039	CONTRACT	rewrite	the candidate order, why a walk, and the proof-by-running rule; the defect, its date and the measured paths go to the history document
scripts/lib/bash.mjs	60	241	WHY	rewrite	why forward slashes; one line
scripts/lib/bash.mjs	68	69	CONTRACT	keep	what the limit bounds; one line already
scripts/lib/bash.mjs	71	66	CONTRACT	keep	type annotation only; kept
scripts/lib/bash.mjs	74	113	CONTRACT	rewrite	what it returns; one line already
scripts/lib/bash.mjs	80	179	WHY	rewrite	why no shell; one line already
scripts/lib/bash.mjs	89	303	CONTRACT	rewrite	why deduplicated; one line already
scripts/lib/bash.mjs	99	49	CONTRACT	keep	type annotation only; kept
scripts/lib/bash.mjs	107	111	WHY	rewrite	why the walk terminates; one line already
scripts/lib/bash.mjs	122	26	CONTRACT	keep	type annotation only; kept
scripts/lib/bash.mjs	132	110	CONTRACT	rewrite	what it answers; one line already
scripts/lib/bash.mjs	144	337	WHY	rewrite	why memoised including the null
scripts/lib/bash.mjs	165	341	WHY	rewrite	why the candidates are in the message
scripts/check-d1-address.mjs	1	2165	CONTRACT	rewrite	what is refused and what is allowed, plus the two scan rules; the defect, the run id and the dates go to the history document
scripts/check-d1-address.mjs	57	78	CONTRACT	keep	read from its one owner; one line already
scripts/check-d1-address.mjs	60	255	CONTRACT	rewrite	why enumerated and argued
scripts/check-d1-address.mjs	67	37	CONTRACT	keep	type annotation only; kept
scripts/check-d1-address.mjs	78	23	CONTRACT	keep	type annotation only; kept
scripts/check-d1-address.mjs	82	77	CONTRACT	keep	type annotation only; kept
scripts/check-d1-address.mjs	113	526	WHY	rewrite	why two forms and which subcommands cannot match
scripts/check-d1-address.mjs	124	683	WHY	rewrite	where the boundary goes and why; the wrong counts and how it was caught go to the history document
scripts/check-d1-address.mjs	142	65	CONTRACT	keep	what the set holds; one line already
scripts/check-d1-address.mjs	153	298	WHY	rewrite	why preserveLines; one line
scripts/check-d1-address.mjs	169	307	WHY	rewrite	why the flag is read from the line
scripts/check-d1-address.mjs	192	367	NUMBER	rewrite	why the sites are counted separately from the floor
scripts/lib/pending-migrations.mjs	1	2131	CONTRACT	rewrite	what it is pure over, why it refuses and the three outcomes; the ship window, the migration and the dates go to the history document
scripts/lib/pending-migrations.mjs	45	83	CONTRACT	keep	what it matches; one line already
scripts/lib/pending-migrations.mjs	48	52	CONTRACT	keep	what it matches; one line already
scripts/lib/pending-migrations.mjs	51	215	CONTRACT	rewrite	why anchored on the prefix
scripts/lib/pending-migrations.mjs	59	245	CONTRACT	keep	the verdict shape; type annotation only
scripts/lib/pending-migrations.mjs	66	228	CONTRACT	rewrite	what it reads; one line already
scripts/lib/pending-migrations.mjs	75	228	WHY	rewrite	why a non-zero exit is not clean
scripts/lib/pending-migrations.mjs	89	616	WHY	rewrite	why the whole output is the scope and why an unscoped match is safe here
scripts/lib/pending-migrations.mjs	100	76	CONTRACT	keep	scope note; one line already
scripts/lib/pending-migrations.mjs	102	67	CONTRACT	keep	scope note; one line already
scripts/lib/pending-migrations.mjs	105	265	WHY	rewrite	why names win; one line
scripts/lib/pending-migrations.mjs	124	309	WHY	rewrite	which unreadable case is worth naming
scripts/lib/pending-migrations.mjs	141	329	WHY	rewrite	why the exact invocation; one line already
scripts/uptime-ensure.mjs	1	3124	CONTRACT	rewrite	why an external monitor, why two, and the idempotency and contact rules; the measurements, the ids and the dates go to the history document
scripts/uptime-ensure.mjs	91	79	CONTRACT	rewrite	section marker, rule padding cut
scripts/uptime-ensure.mjs	99	213	WHY	rewrite	why active only; one line
scripts/uptime-ensure.mjs	105	49	CONTRACT	keep	type annotation only; kept
scripts/uptime-ensure.mjs	119	76	CONTRACT	rewrite	section marker, rule padding cut
scripts/uptime-ensure.mjs	125	58	CONTRACT	keep	type annotation only; kept
scripts/uptime-ensure.mjs	130	21	CONTRACT	keep	type annotation only; kept
scripts/uptime-ensure.mjs	133	258	WHY	rewrite	why the contact travels with every write
scripts/uptime-ensure.mjs	154	45	CONTRACT	keep	from the response; one line already
scripts/uptime-ensure.mjs	161	214	WHY	rewrite	why only the compared fields
scripts/uptime-ensure.mjs	170	41	CONTRACT	keep	type annotation only; kept
scripts/uptime-ensure.mjs	194	267	WHY	rewrite	why resume is its own call; the API's refusal goes to the history document
scripts/uptime-ensure.mjs	215	76	CONTRACT	rewrite	section marker, rule padding cut
scripts/uptime-ensure.mjs	232	220	WHY	rewrite	why sorted and newline-terminated
scripts/lib/mark.mjs	1	1427	CONTRACT	rewrite	the seam and why no path data is stated here; the deleted harness and the session history go to the history document
scripts/lib/mark.mjs	34	128	CONTRACT	keep	what everything else is derived from; one line already
scripts/lib/mark.mjs	40	303	WHY	rewrite	why resolved and why the light block
scripts/lib/mark.mjs	53	147	CONTRACT	keep	type annotation only; kept
scripts/lib/mark.mjs	58	796	CONTRACT	rewrite	how the brand paths are derived and the four fail-closed conditions
scripts/lib/mark.mjs	75	27	CONTRACT	keep	type annotation only; kept
scripts/lib/mark.mjs	87	167	WHY	rewrite	why the header crop; one line
scripts/lib/mark.mjs	113	1120	WHY	rewrite	why the viewBox is padded to the box; the measured letterboxing and its date go to the history document
scripts/lib/mark.mjs	149	597	CONTRACT	rewrite	why JSX-free and what satori does with the node; the version measured goes to the history document
scripts/build-stack.mjs	1	2484	CONTRACT	rewrite	what is derived, from which config, and what deliberately is not; the ruling, its date and the published-claims count go to the history document
scripts/build-stack.mjs	60	335	WHY	rewrite	why devDependencies are excluded
scripts/build-stack.mjs	76	259	WHY	rewrite	why the directory is read from the config
scripts/build-stack.mjs	90	446	WHY	rewrite	why a set rather than a comparison; the date and the miscount go to the history document
scripts/build-stack.mjs	101	503	WHY	rewrite	one definition, and why derived at all; the date goes to the history document
scripts/build-stack.mjs	120	98	CONTRACT	keep	why stable; one line already
scripts/build-stack.mjs	142	66	CONTRACT	keep	reconciled both directions; one line already
scripts/build-stack.mjs	152	158	CONTRACT	rewrite	what the version means; one line already
scripts/build-stack.mjs	166	65	CONTRACT	keep	what the entries are; one line already
scripts/build-stack.mjs	171	205	WHY	rewrite	why pathToFileURL; the Windows measurement goes to the history document
scripts/check-search.mjs	1	1008	CONTRACT	rewrite	the boundary and the paired-negative rule; the worked example goes to the history document
scripts/check-search.mjs	33	23	CONTRACT	keep	type annotation only; kept
scripts/check-search.mjs	36	88	CONTRACT	keep	type annotation only; kept
scripts/check-search.mjs	48	62	CONTRACT	keep	type annotation only; kept
scripts/check-search.mjs	57	78	CONTRACT	keep	why fixed; one line already
scripts/check-search.mjs	60	78	CONTRACT	rewrite	section marker, rule padding cut
scripts/check-search.mjs	72	76	CONTRACT	keep	the negative; one line already
scripts/check-search.mjs	78	126	CONTRACT	rewrite	the negative and the ordering it forces; one line
scripts/check-search.mjs	86	79	CONTRACT	rewrite	section marker, rule padding cut
scripts/check-search.mjs	99	54	CONTRACT	keep	the negative; one line already
scripts/check-search.mjs	111	79	CONTRACT	rewrite	section marker, rule padding cut
scripts/check-search.mjs	119	223	WHY	rewrite	why this negative matters most
scripts/check-search.mjs	125	56	CONTRACT	keep	the negative; one line already
scripts/check-search.mjs	128	110	CONTRACT	rewrite	the negative and its ordering; one line
scripts/check-search.mjs	133	78	CONTRACT	rewrite	section marker, rule padding cut
scripts/check-search.mjs	139	78	CONTRACT	rewrite	section marker, rule padding cut
scripts/check-search.mjs	152	117	CONTRACT	keep	why everything is quoted; one line already
scripts/check-search.mjs	180	79	CONTRACT	rewrite	section marker, rule padding cut
scripts/check-search.mjs	182	190	CONTRACT	rewrite	the property RRF exists for; one line already
scripts/check-search.mjs	196	98	CONTRACT	keep	the negative; one line already
scripts/check-search.mjs	206	110	CONTRACT	keep	the negative; one line already
scripts/check-search.mjs	213	420	CONTRACT	rewrite	section marker plus the pair of facts it pins; the live finding and its date go to the history document
scripts/check-search.mjs	232	159	CONTRACT	keep	what the parameter form renders; one line already
scripts/check-search.mjs	239	137	CONTRACT	keep	the negative; one line already
scripts/check-search.mjs	250	77	CONTRACT	keep	what an out-of-range number is; one line already
scripts/check-search.mjs	256	79	CONTRACT	rewrite	section marker, rule padding cut
scripts/check-search.mjs	264	737	NUMBER	rewrite	what a loose floor cannot catch and how this one was measured; the old value, the dates and the sibling gates go to the history document
scripts/build-guidelines.mjs	1	2182	CONTRACT	rewrite	why the strip stays and the discard goes, what is dropped and why the cap is loud; the ruling, the quoted lines and the shipped defect go to the history document
scripts/build-guidelines.mjs	54	54	CONTRACT	keep	what the cap is; one line already
scripts/build-guidelines.mjs	57	68	CONTRACT	keep	what the floor separates; one line already
scripts/build-guidelines.mjs	60	267	CONTRACT	rewrite	why the order decides placement
scripts/build-guidelines.mjs	146	208	WHY	rewrite	why a design needle wins
scripts/build-guidelines.mjs	164	54	CONTRACT	keep	type annotation only; kept
scripts/build-guidelines.mjs	171	629	WHY	rewrite	why the singletons are described and why the mapping is hand-written; the quoted note and the redesign go to the history document
scripts/build-guidelines.mjs	186	287	WHY	rewrite	which sheet and what the wrong one would have sent; the rename and the date go to the history document
scripts/build-guidelines.mjs	195	198	WHY	rewrite	why hand-written; one line
scripts/build-guidelines.mjs	227	188	CONTRACT	rewrite	what it reads and why; one line already
scripts/build-guidelines.mjs	237	113	CONTRACT	rewrite	what it returns; one line already
scripts/build-guidelines.mjs	249	108	CONTRACT	rewrite	what it returns; one line already
scripts/build-guidelines.mjs	259	29	CONTRACT	keep	type annotation only; kept
scripts/build-guidelines.mjs	401	68	CONTRACT	keep	what the shortlist is for; one line already
scripts/lib/page-payload.mjs	1	1817	CONTRACT	rewrite	why derived, from which two sources, and what the walk cannot see
scripts/lib/page-payload.mjs	39	241	CONTRACT	rewrite	what it returns; one line already
scripts/lib/page-payload.mjs	46	23	CONTRACT	keep	type annotation only; kept
scripts/lib/page-payload.mjs	48	23	CONTRACT	keep	type annotation only; kept
scripts/lib/page-payload.mjs	50	769	WHY	rewrite	why an import is not a fetch and which component decides; the named module goes to the history document
scripts/lib/page-payload.mjs	79	565	CONTRACT	rewrite	cycle safety and why an unresolved specifier is skipped
scripts/lib/page-payload.mjs	94	26	CONTRACT	keep	type annotation only; kept
scripts/lib/page-payload.mjs	99	21	CONTRACT	keep	type annotation only; kept
scripts/lib/page-payload.mjs	112	161	CONTRACT	rewrite	what it resolves; one line already
scripts/lib/page-payload.mjs	132	337	CONTRACT	rewrite	why the order is the manifest's
scripts/lib/page-payload.mjs	146	69	CONTRACT	keep	why deduplicated; one line already
scripts/lib/page-payload.mjs	150	370	WHY	rewrite	why only @font-face
scripts/lib/page-payload.mjs	161	26	CONTRACT	keep	type annotation only; kept
scripts/operator-roundtrip.mjs	1	1123	CONTRACT	rewrite	why two phases, the token rule, what it checks against and the dash fixture
scripts/operator-roundtrip.mjs	34	69	CONTRACT	keep	what it is; one line already
scripts/operator-roundtrip.mjs	51	23	CONTRACT	keep	type annotation only; kept
scripts/operator-roundtrip.mjs	54	73	CONTRACT	keep	type annotation only; kept
scripts/operator-roundtrip.mjs	65	190	CONTRACT	rewrite	what it calls and the logging rule; one line already
scripts/operator-roundtrip.mjs	81	18	CONTRACT	keep	type annotation only; kept
scripts/operator-roundtrip.mjs	91	76	CONTRACT	keep	type annotation only; kept
scripts/operator-roundtrip.mjs	104	33	CONTRACT	keep	type annotation only; kept
scripts/operator-roundtrip.mjs	123	118	CONTRACT	rewrite	what it asks; one line already
scripts/operator-roundtrip.mjs	128	34	CONTRACT	keep	type annotation only; kept
scripts/operator-roundtrip.mjs	130	555	WHY	rewrite	why whole-document scope and why one loop
scripts/operator-roundtrip.mjs	141	33	CONTRACT	keep	type annotation only; kept
scripts/operator-roundtrip.mjs	149	66	CONTRACT	keep	scope note; one line already
scripts/operator-roundtrip.mjs	153	197	WHY	rewrite	why the search assertion is narrowed
scripts/operator-roundtrip.mjs	161	18	CONTRACT	keep	type annotation only; kept
scripts/operator-roundtrip.mjs	175	76	CONTRACT	rewrite	section marker, rule padding cut
scripts/operator-roundtrip.mjs	185	77	CONTRACT	rewrite	section marker, rule padding cut
scripts/operator-roundtrip.mjs	192	18	CONTRACT	keep	type annotation only; kept
scripts/operator-roundtrip.mjs	194	18	CONTRACT	keep	type annotation only; kept
scripts/operator-roundtrip.mjs	195	227	WHY	rewrite	what a second file in a save commit would mean; the artifact arc goes to the history document
scripts/operator-roundtrip.mjs	219	76	CONTRACT	rewrite	section marker, rule padding cut
scripts/operator-roundtrip.mjs	235	76	CONTRACT	rewrite	section marker, rule padding cut
scripts/operator-roundtrip.mjs	261	76	CONTRACT	rewrite	section marker, rule padding cut
scripts/operator-roundtrip.mjs	281	76	CONTRACT	rewrite	section marker, rule padding cut
scripts/operator-roundtrip.mjs	295	145	CONTRACT	keep	why the needle is a whole sentence; one line already
scripts/operator-roundtrip.mjs	298	76	CONTRACT	rewrite	section marker, rule padding cut
scripts/operator-roundtrip.mjs	318	76	CONTRACT	rewrite	section marker, rule padding cut
scripts/operator-roundtrip.mjs	345	76	CONTRACT	rewrite	section marker, rule padding cut
scripts/operator-roundtrip.mjs	367	76	CONTRACT	rewrite	section marker, rule padding cut
scripts/operator-roundtrip.mjs	369	197	WHY	rewrite	why concurrent; the measured sequential run goes to the history document
scripts/operator-roundtrip.mjs	375	37	CONTRACT	keep	type annotation only; kept
scripts/operator-roundtrip.mjs	377	37	CONTRACT	keep	type annotation only; kept
scripts/operator-roundtrip.mjs	384	76	CONTRACT	rewrite	section marker, rule padding cut
scripts/operator-roundtrip.mjs	386	126	WHY	rewrite	why the wait; one line already
scripts/check-llms.mjs	1	1704	CONTRACT	rewrite	the boundary, the three assertions and the fail-closed rule; the stale row, the drifted copy and the byte counts go to the history document
scripts/check-llms.mjs	51	83	CONTRACT	keep	type annotation only; kept
scripts/check-llms.mjs	64	26	CONTRACT	keep	type annotation only; kept
scripts/check-llms.mjs	74	130	WHY	rewrite	why bytes and an explicit decode; one line already
scripts/check-llms.mjs	79	80	CONTRACT	rewrite	section marker, rule padding cut
scripts/check-llms.mjs	82	69	WHY	keep	the anti-vacuity rule; one line already
scripts/check-llms.mjs	96	80	CONTRACT	rewrite	section marker, rule padding cut
scripts/check-llms.mjs	104	155	CONTRACT	rewrite	what shape is refused; one line already
scripts/check-llms.mjs	117	80	CONTRACT	rewrite	section marker, rule padding cut
scripts/check-llms.mjs	126	125	WHY	rewrite	why retried once; the error code and the occurrences go to the history document
scripts/check-llms.mjs	150	18	CONTRACT	keep	type annotation only; kept
scripts/check-llms.mjs	183	426	NUMBER	rewrite	why slack of zero and why one floor covers both tiers; the measurement and its date go to the history document
scripts/check-llms.mjs	192	819	WHY	rewrite	what the binding is for and what is deliberately not checked; the wrong host goes to the history document
scripts/check-llms.mjs	236	384	NUMBER	rewrite	why named per branch even with one value; the two readings and their date go to the history document
scripts/ae-probe.mjs	1	2312	CONTRACT	rewrite	the question, the three fetches, the weighting rule and the observation boundary; the file and line references go to the history document
scripts/ae-probe.mjs	50	683	WHY	rewrite	why both are read rather than written here; the date goes to the history document
scripts/ae-probe.mjs	70	56	NUMBER	keep	stated rather than implied; one line already
scripts/ae-probe.mjs	73	56	NUMBER	keep	what counts as settled; one line already
scripts/ae-probe.mjs	100	142	CONTRACT	rewrite	what it runs; one line already
scripts/ae-probe.mjs	114	76	WHY	keep	why the echo is safe; one line already
scripts/ae-probe.mjs	127	139	CONTRACT	rewrite	what it returns; one line already
scripts/ae-probe.mjs	145	238	CONTRACT	rewrite	why the baseline settles first; one line already
scripts/ae-probe.mjs	165	174	CONTRACT	rewrite	what one fetch does; one line already
scripts/ae-probe.mjs	173	37	CONTRACT	keep	type annotation only; kept
scripts/ae-probe.mjs	183	186	CONTRACT	rewrite	what it waits for; one line already
scripts/ae-probe.mjs	240	28	CONTRACT	keep	type annotation only; kept
scripts/lib/decisions-volumes.mjs	1	2411	CONTRACT	rewrite	why the limit is read, why the highest number is the signal and why history is not checked; the volumes, the byte counts and the dates go to the history document
scripts/lib/decisions-volumes.mjs	47	114	CONTRACT	rewrite	why stated once; one line already
scripts/lib/decisions-volumes.mjs	51	153	CONTRACT	rewrite	what is matched and what is not; one line already
scripts/lib/decisions-volumes.mjs	55	147	CONTRACT	rewrite	what it returns; one line already
scripts/lib/decisions-volumes.mjs	61	277	WHY	rewrite	why anchored on the words; the two spellings go to the history document
scripts/lib/decisions-volumes.mjs	71	272	CONTRACT	rewrite	the returned shape; type annotation only
scripts/lib/decisions-volumes.mjs	99	321	WHY	rewrite	why reported rather than failed; the count goes to the history document
scripts/lib/decisions-volumes.mjs	106	304	WHY	rewrite	why the looser anchor; the counts it moved go to the history document
scripts/health-repair.mjs	1	2210	CONTRACT	rewrite	the two exit codes, why one re-poll and the token rule; the Windows measurement and the dates go to the history document
scripts/health-repair.mjs	51	21	CONTRACT	keep	type annotation only; kept
scripts/health-repair.mjs	56	85	CONTRACT	keep	what it renders as; one line already
scripts/health-repair.mjs	57	21	CONTRACT	keep	type annotation only; kept
scripts/health-repair.mjs	59	268	CONTRACT	rewrite	what the two fields mean; one line already
scripts/health-repair.mjs	66	21	CONTRACT	keep	type annotation only; kept
scripts/health-repair.mjs	66	21	CONTRACT	keep	type annotation only; kept
scripts/health-repair.mjs	66	21	CONTRACT	keep	type annotation only; kept
scripts/health-repair.mjs	87	209	WHY	rewrite	why the rule lives in the decision module
scripts/health-repair.mjs	93	77	CONTRACT	keep	the verdict is read; one line already
scripts/health-repair.mjs	109	47	CONTRACT	keep	what main returns; type annotation only
scripts/health-repair.mjs	153	569	WHY	rewrite	why a refusal abandons the rest; the date and the two refusals go to the history document
scripts/health-repair.mjs	186	161	CONTRACT	rewrite	what the re-poll adds; one line already
scripts/lib/d1-address.mjs	1	1735	CONTRACT	rewrite	the rule, why --local keeps the name, and the fail-closed direction; the defect, the run id and the dates go to the history document
scripts/lib/d1-address.mjs	38	682	WHY	rewrite	why self-contained and why run is still an argument; the call-site count goes to the history document
scripts/lib/d1-address.mjs	62	440	WHY	rewrite	why memoised and why it is safe
scripts/lib/d1-address.mjs	75	369	CONTRACT	rewrite	what it returns; one line already
scripts/lib/d1-address.mjs	89	311	WHY	rewrite	why the slice; one line
scripts/lib/d1-address.mjs	96	54	CONTRACT	keep	type annotation only; kept
scripts/check-volumes.mjs	1	2318	CONTRACT	rewrite	the tier limitation, the credential rule and what is not restated; the volumes, the byte counts and the sibling defects go to the history document
scripts/check-volumes.mjs	54	75	CONTRACT	keep	what the floor means; one line already
scripts/check-volumes.mjs	58	23	CONTRACT	keep	type annotation only; kept
scripts/check-volumes.mjs	61	73	CONTRACT	keep	type annotation only; kept
scripts/check-volumes.mjs	72	143	CONTRACT	rewrite	what it calls; one line already
scripts/check-volumes.mjs	93	225	WHY	rewrite	why the last data line
scripts/check-volumes.mjs	110	278	WHY	rewrite	the order and the fail-closed rule
scripts/check-volumes.mjs	126	36	CONTRACT	keep	type annotation only; kept
scripts/check-volumes.mjs	130	65	CONTRACT	keep	type annotation only; kept
scripts/check-volumes.mjs	139	149	WHY	rewrite	the scope rule; one line already
scripts/check-volumes.mjs	170	195	WHY	rewrite	why a missing limit fails; one line already
scripts/extract-publication-text.mjs	1	2624	CONTRACT	rewrite	why committed, why verbatim per page and what it is for; the sizes, the ruling and the named import defect go to the history document
scripts/extract-publication-text.mjs	65	84	CONTRACT	keep	read rather than typed; one line already
scripts/extract-publication-text.mjs	76	247	WHY	rewrite	why hosted only; one line
scripts/extract-publication-text.mjs	90	107	CONTRACT	keep	type annotation only; kept
scripts/extract-publication-text.mjs	93	136	WHY	rewrite	why sorted; one line already
scripts/extract-publication-text.mjs	105	23	CONTRACT	keep	type annotation only; kept
scripts/extract-publication-text.mjs	115	301	CONTRACT	rewrite	what the date is and what the gate actually compares
scripts/lib/python.mjs	1	1622	CONTRACT	rewrite	why resolved, why the probe runs a program and the fail-closed rule; the per-shell measurements and the dates go to the history document
scripts/lib/python.mjs	38	271	CONTRACT	rewrite	why the duplication is stated
scripts/lib/python.mjs	46	67	CONTRACT	keep	what the probe must print; one line already
scripts/lib/python.mjs	49	50	CONTRACT	keep	type annotation only; kept
scripts/lib/python.mjs	52	159	CONTRACT	rewrite	what it returns; one line already
scripts/lib/python.mjs	67	126	WHY	rewrite	why equality; one line already
scripts/lib/python.mjs	77	53	CONTRACT	keep	what the caller prints; one line already
scripts/lib/python.mjs	86	1144	CONTRACT	rewrite	why parse rather than exec and why the source crosses as bytes
scripts/lib/ask-converge.mjs	1	2107	CONTRACT	rewrite	why there is a window, why the reading must be read-only and why two bounds; the measurement and its date go to the history document
scripts/lib/ask-converge.mjs	43	75	NUMBER	keep	what the attempts mean; one line already
scripts/lib/ask-converge.mjs	45	74	NUMBER	keep	why the wait comes first; one line already
scripts/lib/ask-converge.mjs	47	68	NUMBER	keep	the ruled window; one line already
scripts/lib/ask-converge.mjs	50	761	CONTRACT	rewrite	the parameters, with the unreadable-poll rule kept
scripts/lib/ask-converge.mjs	76	18	CONTRACT	keep	type annotation only; kept
scripts/lib/ask-converge.mjs	84	18	CONTRACT	keep	type annotation only; kept
scripts/lib/ask-converge.mjs	89	216	CONTRACT	rewrite	what is not an unreadable poll
scripts/lib/ask-converge.mjs	99	147	WHY	rewrite	the one line the recorded failure lives on
scripts/build-template-refs.mjs	1	1284	CONTRACT	rewrite	the third usage state, the split and the observation boundary; the photograph count goes to the history document
scripts/build-template-refs.mjs	31	296	WHY	rewrite	why readFileSync rather than an import attribute
scripts/build-template-refs.mjs	51	374	WHY	rewrite	why forward slashes always
scripts/build-template-refs.mjs	62	23	CONTRACT	keep	type annotation only; kept
scripts/build-template-refs.mjs	76	209	CONTRACT	keep	its @returns line is over the column limit; kept byte-identical
scripts/build-template-refs.mjs	83	23	CONTRACT	keep	type annotation only; kept
scripts/build-template-refs.mjs	89	56	CONTRACT	keep	type annotation only; kept
scripts/build-template-refs.mjs	93	372	WHY	rewrite	why comments go first and why JSON does not
scripts/build-template-refs.mjs	106	230	WHY	rewrite	why the scope number rides in the artifact
scripts/build-template-refs.mjs	114	541	WHY	rewrite	why pathToFileURL; the slash measurement goes to the history document
scripts/lib/ci-status.mjs	1	844	CONTRACT	rewrite	why split out and why apiBase is injectable
scripts/lib/ci-status.mjs	20	1315	CONTRACT	rewrite	the four refusals and why the run set is derived
scripts/lib/ci-status.mjs	47	18	CONTRACT	keep	type annotation only; kept
scripts/lib/ci-status.mjs	102	379	CONTRACT	rewrite	why it throws rather than returning a verdict
scripts/lib/ci-status.mjs	123	718	WHY	rewrite	why a 404 is worded as authentication; the date and the void assumption go to the history document
scripts/lib/raster.mjs	1	913	CONTRACT	rewrite	why hand-rolled, why every function throws and what self-tests them
scripts/lib/raster.mjs	24	123	CONTRACT	keep	what the table holds; one line already
scripts/lib/raster.mjs	30	253	CONTRACT	keep	type annotation only; kept
scripts/lib/raster.mjs	41	154	CONTRACT	rewrite	what it returns; one line already
scripts/lib/raster.mjs	51	31	CONTRACT	keep	type annotation only; kept
scripts/lib/raster.mjs	53	23	CONTRACT	keep	type annotation only; kept
scripts/lib/raster.mjs	56	58	CONTRACT	keep	the chunk layout; one line already
scripts/lib/raster.mjs	83	895	CONTRACT	rewrite	why the first pixel is exact and that the limit is deliberate
scripts/lib/raster.mjs	117	24	CONTRACT	keep	type annotation only; kept
scripts/lib/raster.mjs	122	26	CONTRACT	keep	type annotation only; kept
scripts/lib/raster.mjs	128	443	CONTRACT	keep	its @returns line is over the column limit; kept byte-identical
scripts/lib/raster.mjs	165	150	CONTRACT	rewrite	what it returns; one line already
scripts/lib/content.mjs	1	386	CONTRACT	rewrite	the split and what it buys
scripts/lib/content.mjs	25	66	CONTRACT	keep	what it resolves from; one line already
scripts/lib/content.mjs	28	657	WHY	rewrite	why read rather than imported, and why module scope
scripts/lib/content.mjs	50	1409	CONTRACT	rewrite	the two things that must not be derived here and why; the finding id goes to the history document
scripts/lib/content.mjs	76	21	CONTRACT	keep	type annotation only; kept
scripts/lib/content.mjs	95	21	CONTRACT	keep	type annotation only; kept
scripts/lib/content.mjs	106	228	CONTRACT	rewrite	absent is a real answer; one line already
scripts/lib/content.mjs	114	171	CONTRACT	rewrite	what it returns; one line already
scripts/build-enhance.mjs	1	2134	CONTRACT	rewrite	the boundary, why prebuilt and why self-contained is asserted; the dates and the measured serve go to the history document
scripts/build-enhance.mjs	52	332	CONTRACT	rewrite	what counts as a module dependency; one line already
scripts/build-enhance.mjs	103	64	CONTRACT	keep	why excluded; one line already
scripts/build-enhance.mjs	112	255	CONTRACT	rewrite	what it makes legal; one line already
scripts/build-enhance.mjs	138	120	CONTRACT	rewrite	both directions; one line already
scripts/require-clean-tree.mjs	1	2466	CONTRACT	rewrite	the boundary, why a refusal rather than an archive build and why no override; the audit item goes to the history document
scripts/require-clean-tree.mjs	53	46	CONTRACT	keep	type annotation only; kept
scripts/require-clean-tree.mjs	65	288	WHY	rewrite	why an unreadable answer refuses
scripts/lib/retry.mjs	1	1955	CONTRACT	rewrite	the class, why it prints first and the reads-only rule; the five incidents, their errors and the dates go to the history document
scripts/lib/retry.mjs	42	81	NUMBER	keep	why generous; one line already
scripts/lib/retry.mjs	46	161	CONTRACT	keep	the signature; type annotation only
scripts/lib/retry.mjs	61	145	WHY	rewrite	why the promise is normalised; one line already
scripts/lib/retry.mjs	82	16	CONTRACT	keep	type annotation only; kept
scripts/lib/retry.mjs	85	117	WHY	rewrite	named before the retry; one line already
scripts/lib/retry.mjs	92	72	CONTRACT	keep	the second failure propagates; one line already
scripts/lib/retry.mjs	93	16	CONTRACT	keep	type annotation only; kept
scripts/fetch-cited-by.mjs	1	1937	CONTRACT	rewrite	why committed, why it is not a gate and the cap; the byte sizes, the credit costs and the ruling go to the history document
scripts/fetch-cited-by.mjs	51	82	NUMBER	keep	the ruled cap and its shape consequence; one line already
scripts/fetch-cited-by.mjs	54	87	CONTRACT	keep	what identifies the caller; one line already
scripts/fetch-cited-by.mjs	57	21	CONTRACT	keep	type annotation only; kept
scripts/fetch-cited-by.mjs	74	34	CONTRACT	keep	type annotation only; kept
scripts/fetch-cited-by.mjs	79	18	CONTRACT	keep	type annotation only; kept
scripts/fetch-cited-by.mjs	107	146	WHY	rewrite	why the field selection; one line already
scripts/fetch-cited-by.mjs	116	18	CONTRACT	keep	type annotation only; kept
scripts/fetch-cited-by.mjs	120	142	CONTRACT	rewrite	why stripped here; one line already
scripts/fetch-cited-by.mjs	150	71	CONTRACT	keep	the artifact convention; one line already
scripts/build-publication-twins.mjs	1	1415	CONTRACT	rewrite	why gitignored, where it runs and why it prunes; the ruling and the named sources go to the history document
scripts/build-publication-twins.mjs	42	26	CONTRACT	keep	type annotation only; kept
scripts/build-publication-twins.mjs	45	323	CONTRACT	rewrite	why exported; one line already
scripts/build-publication-twins.mjs	62	241	WHY	rewrite	why the key is folded; the mixed-case count goes to the history document
scripts/build-publication-twins.mjs	72	34	CONTRACT	keep	type annotation only; kept
scripts/build-publication-twins.mjs	81	319	CONTRACT	rewrite	why null and empty differ
scripts/build-publication-twins.mjs	120	160	CONTRACT	rewrite	why the write is guarded; one line already
scripts/lib/dev-vars.mjs	1	1711	CONTRACT	rewrite	why it takes a name and why absent is null; the two callers go to the history document
scripts/lib/dev-vars.mjs	41	80	CONTRACT	keep	one path, named once; one line already
scripts/lib/dev-vars.mjs	44	134	CONTRACT	keep	the signature; type annotation only
scripts/lib/dev-vars.mjs	51	332	WHY	rewrite	why anchored to the line and the name; hard rule 10 kept
scripts/lib/dev-vars.mjs	64	158	CONTRACT	rewrite	the parse order; one line already
scripts/lib/sqlite-tables.mjs	1	1707	CONTRACT	rewrite	the three rules and why each is derived; the three call sites and the date go to the history document
scripts/lib/sqlite-tables.mjs	41	27	CONTRACT	keep	type annotation only; kept
scripts/lib/sqlite-tables.mjs	43	27	CONTRACT	keep	type annotation only; kept
scripts/lib/sqlite-tables.mjs	59	590	CONTRACT	rewrite	what the set is and both ways of getting it wrong
scripts/lib/wrangler-config.mjs	1	849	CONTRACT	rewrite	the rule and why the real file; the prune's arrival goes to the history document
scripts/lib/wrangler-config.mjs	24	162	CONTRACT	rewrite	what it converts; one line already
scripts/lib/wrangler-config.mjs	29	579	WHY	rewrite	why the weak stripper and why weak is enough; the measurement date goes to the history document
scripts/lib/wrangler-config.mjs	46	109	CONTRACT	rewrite	what it returns; one line already
scripts/lib/wrangler-config.mjs	52	37	CONTRACT	keep	type annotation only; kept
scripts/lib/wrangler-config.mjs	63	358	WHY	rewrite	why derived; the literal it replaced goes to the history document
scripts/lib/wrangler-config.mjs	75	37	CONTRACT	keep	type annotation only; kept
scripts/lib/wrangler-config.mjs	89	216	CONTRACT	rewrite	why it throws; one line already
scripts/lib/artifact.mjs	1	498	CONTRACT	rewrite	one writer and where it moved; the arc goes to the history document
scripts/lib/artifact.mjs	18	247	CONTRACT	keep	the signature; type annotation only
scripts/lib/artifact.mjs	25	751	WHY	rewrite	why pages is required and the throw is the point; the ruling goes to the history document
scripts/lib/artifact.mjs	47	379	WHY	rewrite	why not defaulted; the record count goes to the history document
scripts/lib/artifact.mjs	62	419	WHY	rewrite	why records are derived and why the order is fixed
scripts/check-guidelines.mjs	1	1847	CONTRACT	rewrite	what drift it sees, the tier limitation, the credential rule and why the glob is checked; the ruling goes to the history document
scripts/check-guidelines.mjs	52	68	NUMBER	keep	what the floor counts; one line already
scripts/check-guidelines.mjs	56	23	CONTRACT	keep	type annotation only; kept
scripts/check-guidelines.mjs	59	73	CONTRACT	keep	type annotation only; kept
scripts/check-guidelines.mjs	84	211	CONTRACT	rewrite	what each glob entry must resolve to
scripts/bootstrap-config.mjs	1	1553	CONTRACT	rewrite	what it copies, the never-overwrite rule and what the copies are enough for; the measurement, the exit code and the dates go to the history document
scripts/bootstrap-config.mjs	32	373	CONTRACT	rewrite	why the advice is per pair
scripts/bootstrap-config.mjs	71	182	CONTRACT	rewrite	why narrowed and why this path is expected
scripts/bootstrap-config.mjs	74	36	CONTRACT	keep	type annotation only; kept
scripts/lib/capsid.mjs	1	825	CONTRACT	rewrite	why the document list has one owner and what is deliberately absent
scripts/lib/capsid.mjs	24	340	CONTRACT	rewrite	what earns a place and the two exclusions
scripts/lib/capsid.mjs	47	379	CONTRACT	rewrite	why the last data line; one line already
scripts/lib/capsid.mjs	84	385	CONTRACT	rewrite	what the stamp is for; the mechanism kept in one line
scripts/lib/capsid.mjs	94	73	CONTRACT	keep	type annotation only; kept
scripts/lib/capsid.mjs	99	106	CONTRACT	keep	type annotation only; kept
scripts/lib/design-sheets.mjs	1	715	CONTRACT	rewrite	why a lib rather than two copies
scripts/lib/design-sheets.mjs	21	372	CONTRACT	rewrite	why it throws rather than returning empty
scripts/lib/design-sheets.mjs	49	208	CONTRACT	rewrite	what it returns and why the line number; one line already
scripts/lib/design-sheets.mjs	57	47	CONTRACT	keep	type annotation only; kept
scripts/lib/design-sheets.mjs	62	145	WHY	rewrite	why the simple count; one line already
scripts/lib/design-sheets.mjs	70	252	CONTRACT	rewrite	what furniture is removed; one line already
scripts/lib/sql-literals.mjs	1	1671	CONTRACT	rewrite	why extracted, what it unblocked and why joining is safe; the date, the named siblings and the quoted fragment go to the history document
scripts/lib/sql-literals.mjs	38	64	WHY	keep	why repeated; one line already
scripts/build-capsid-guidelines.mjs	1	1507	CONTRACT	rewrite	why a copy is forced, what makes it honest and the credential rule; the rejected alternative goes to the history document
scripts/build-capsid-guidelines.mjs	50	93	CONTRACT	keep	type annotation only; kept
scripts/build-capsid-guidelines.mjs	70	105	CONTRACT	rewrite	why rebuilt; one line already
scripts/mint-smoke-token.mjs	1	1400	CONTRACT	rewrite	why silent, the no-command-line rule and why the size; the three one-liners kept as the reason
